{
    "type": "guiComponent",
    "name": "ColumnChart",
    "attributes": [
        {
            "name": "params",
            "default": "",
            "type": "object",
            "isConstructorParam": true,
            "doc": ""
        },
        {
            "name": "width",
            "default": "",
            "type": "number",
            "isConstructorParam": true,
            "doc": ""
        },
        {
            "name": "height",
            "default": "",
            "type": "number",
            "isConstructorParam": true,
            "doc": ""
        },
        {
            "name": "marginX",
            "default": "($width-width)/2.0",
            "type": "number",
            "isConstructorParam": false,
            "doc": ""
        },
        {
            "name": "marginY",
            "default": "($height-height)/2.0",
            "type": "number",
            "isConstructorParam": false,
            "doc": ""
        },
        {
            "name": "displayLegend",
            "default": "true",
            "type": "boolean",
            "isConstructorParam": false,
            "doc": ""
        },
        {
            "name": "cropToAmplitude",
            "default": "false",
            "type": "boolean",
            "isConstructorParam": false,
            "doc": ""
        },
        {
            "name": "g",
            "default": "new Component(svgCode)",
            "type": "object",
            "isConstructorParam": false,
            "doc": ""
        },
        {
            "name": "min",
            "default": "1000000000000000",
            "type": "number",
            "isConstructorParam": false,
            "doc": ""
        },
        {
            "name": "max",
            "default": "-1000000000000000",
            "type": "number",
            "isConstructorParam": false,
            "doc": ""
        },
        {
            "name": "data",
            "default": "svg.getData()",
            "type": "object",
            "isConstructorParam": false,
            "doc": ""
        },
        {
            "name": "amplitude",
            "default": "max - min",
            "type": "number",
            "isConstructorParam": false,
            "doc": ""
        },
        {
            "name": "minToDisplay",
            "default": "min",
            "type": "number",
            "isConstructorParam": false,
            "doc": ""
        },
        {
            "name": "maxToDisplay",
            "default": "max",
            "type": "number",
            "isConstructorParam": false,
            "doc": ""
        },
        {
            "name": "amplitudeToDisplay",
            "default": "maxToDisplay - minToDisplay",
            "type": "number",
            "isConstructorParam": false,
            "doc": ""
        },
        {
            "name": "y0",
            "default": "0.0",
            "type": "number",
            "isConstructorParam": false,
            "doc": ""
        },
        {
            "name": "unit",
            "default": "",
            "type": "string",
            "isConstructorParam": false,
            "doc": ""
        },
        {
            "name": "animationTimer",
            "default": "",
            "type": "null",
            "isConstructorParam": false,
            "doc": ""
        },
        {
            "name": "animationSpeed",
            "default": "0",
            "type": "number",
            "isConstructorParam": false,
            "doc": ""
        },
        {
            "name": "currentHeight",
            "default": "0.0",
            "type": "number",
            "isConstructorParam": false,
            "doc": ""
        },
        {
            "name": "columnsList",
            "default": "",
            "type": "array",
            "isConstructorParam": false,
            "doc": ""
        }
    ],
    "methods": [
        {
            "name": "animate",
            "isPrivate": false,
            "param": [],
            "doc": ""
        },
        {
            "name": "build",
            "isPrivate": false,
            "param": [],
            "doc": ""
        }
    ],
    "children": [
        {
            "type": "g",
            "attributes": [
                {
                    "name": "id",
                    "value": ""
                },
                {
                    "name": "class",
                    "value": ""
                }
            ],
            "textNodeContent": "",
            "componentVariableName": "",
            "properties": [],
            "children": [
                {
                    "type": "defs",
                    "attributes": [
                        {
                            "name": "id",
                            "value": ""
                        },
                        {
                            "name": "class",
                            "value": ""
                        }
                    ],
                    "textNodeContent": "",
                    "componentVariableName": "",
                    "properties": [],
                    "children": [
                        {
                            "type": "marker",
                            "attributes": [
                                {
                                    "name": "id",
                                    "value": "axisArrow"
                                },
                                {
                                    "name": "class",
                                    "value": ""
                                },
                                {
                                    "name": "markerWidth",
                                    "value": "6"
                                },
                                {
                                    "name": "markerHeight",
                                    "value": "4"
                                },
                                {
                                    "name": "refX",
                                    "value": "0"
                                },
                                {
                                    "name": "refY",
                                    "value": "2"
                                },
                                {
                                    "name": "orient",
                                    "value": "auto"
                                },
                                {
                                    "name": "style",
                                    "value": "fill:#000000"
                                }
                            ],
                            "textNodeContent": "",
                            "componentVariableName": "",
                            "properties": [],
                            "children": [
                                {
                                    "type": "polyline",
                                    "attributes": [
                                        {
                                            "name": "id",
                                            "value": ""
                                        },
                                        {
                                            "name": "class",
                                            "value": ""
                                        },
                                        {
                                            "name": "points",
                                            "value": "0,0.1 3.9,2 0,3.9"
                                        }
                                    ],
                                    "textNodeContent": "",
                                    "componentVariableName": "",
                                    "properties": [],
                                    "children": []
                                }
                            ]
                        }
                    ]
                },
                {
                    "type": "g",
                    "attributes": [
                        {
                            "name": "id",
                            "value": "caption"
                        },
                        {
                            "name": "class",
                            "value": ""
                        }
                    ],
                    "textNodeContent": "",
                    "componentVariableName": "",
                    "properties": [],
                    "children": []
                },
                {
                    "type": "g",
                    "attributes": [
                        {
                            "name": "id",
                            "value": "data"
                        },
                        {
                            "name": "class",
                            "value": ""
                        }
                    ],
                    "textNodeContent": "",
                    "componentVariableName": "",
                    "properties": [],
                    "children": []
                },
                {
                    "type": "g",
                    "attributes": [
                        {
                            "name": "id",
                            "value": "reperes"
                        },
                        {
                            "name": "class",
                            "value": ""
                        }
                    ],
                    "textNodeContent": "",
                    "componentVariableName": "",
                    "properties": [],
                    "children": [
                        {
                            "type": "path",
                            "attributes": [
                                {
                                    "name": "id",
                                    "value": ""
                                },
                                {
                                    "name": "class",
                                    "value": ""
                                },
                                {
                                    "name": "d",
                                    "value": "M ' + (marginX-0.5) + ',' + ($height-marginY) + ' L ' + ($width-marginX) + ',' + ($height-marginY) + '"
                                },
                                {
                                    "name": "style",
                                    "value": "stroke:#000000; stroke-width: 1px; fill: none; marker-end:url(#axisArrow);"
                                }
                            ],
                            "textNodeContent": "",
                            "componentVariableName": "",
                            "properties": [],
                            "children": []
                        },
                        {
                            "type": "path",
                            "attributes": [
                                {
                                    "name": "id",
                                    "value": ""
                                },
                                {
                                    "name": "class",
                                    "value": ""
                                },
                                {
                                    "name": "d",
                                    "value": "M ' + marginX + ',' + ($height-marginY+0.5) + ' L ' + marginX + ',' + marginY + '"
                                },
                                {
                                    "name": "style",
                                    "value": "stroke:#000000; stroke-width: 1px; fill: none; marker-end:url(#axisArrow);"
                                }
                            ],
                            "textNodeContent": "",
                            "componentVariableName": "",
                            "properties": [],
                            "children": []
                        }
                    ]
                }
            ]
        }
    ],
    "doc": ""
}