{
    "type": "guiComponent",
    "name": "DonutChart",
    "attributes": [
        {
            "name": "params",
            "default": "",
            "type": "object",
            "isConstructorParam": true,
            "doc": ""
        },
        {
            "name": "displayLegend",
            "default": "true",
            "type": "boolean",
            "isConstructorParam": false,
            "doc": ""
        },
        {
            "name": "defsCode",
            "default": "",
            "type": "string",
            "isConstructorParam": false,
            "doc": ""
        },
        {
            "name": "gCode",
            "default": "",
            "type": "string",
            "isConstructorParam": false,
            "doc": ""
        },
        {
            "name": "defs",
            "default": "new Component(defsCode)",
            "type": "object",
            "isConstructorParam": false,
            "doc": ""
        },
        {
            "name": "g",
            "default": "new Component(gCode)",
            "type": "object",
            "isConstructorParam": false,
            "doc": ""
        },
        {
            "name": "total",
            "default": "0",
            "type": "number",
            "isConstructorParam": false,
            "doc": ""
        },
        {
            "name": "data",
            "default": "svg.getData()",
            "type": "object",
            "isConstructorParam": false,
            "doc": ""
        }
    ],
    "methods": [
        {
            "name": "build",
            "isPrivate": false,
            "param": [],
            "doc": ""
        }
    ],
    "children": [],
    "doc": ""
}