{
    "type": "guiComponent",
    "name": "SVG",
    "attributes": [
        {
            "name": "width",
            "default": "",
            "type": "number",
            "isConstructorParam": true,
            "doc": ""
        },
        {
            "name": "height",
            "default": "",
            "type": "number",
            "isConstructorParam": true,
            "doc": ""
        },
        {
            "name": "code",
            "default": "",
            "type": "string",
            "isConstructorParam": true,
            "doc": ""
        },
        {
            "name": "style",
            "default": "",
            "type": "string",
            "isConstructorParam": true,
            "doc": ""
        }
    ],
    "methods": [
        {
            "name": "toImage",
            "isPrivate": false,
            "param": [
                "callback"
            ],
            "doc": ""
        },
        {
            "name": "toBitmap",
            "isPrivate": false,
            "param": [
                "callback",
                "type",
                "option"
            ],
            "doc": ""
        },
        {
            "name": "getSvgUrl",
            "isPrivate": false,
            "param": [],
            "doc": ""
        }
    ],
    "children": [
        {
            "type": "svg",
            "attributes": [
                {
                    "name": "id",
                    "value": ""
                },
                {
                    "name": "class",
                    "value": ""
                },
                {
                    "name": "xmlns",
                    "value": "SVGNS"
                },
                {
                    "name": "viewBox",
                    "value": ""
                },
                {
                    "name": "style",
                    "value": "style"
                }
            ],
            "textNodeContent": "",
            "componentVariableName": "",
            "properties": [],
            "children": [
                {
                    "type": "textNode",
                    "attributes": [
                        {
                            "name": "id",
                            "value": ""
                        },
                        {
                            "name": "class",
                            "value": ""
                        }
                    ],
                    "textNodeContent": "code",
                    "componentVariableName": "",
                    "properties": [],
                    "children": []
                }
            ]
        }
    ],
    "doc": ""
}