{
    "type": "guiComponent",
    "name": "SVGhtml",
    "attributes": [
        {
            "name": "width",
            "default": "",
            "type": "number",
            "isConstructorParam": true,
            "doc": ""
        },
        {
            "name": "height",
            "default": "",
            "type": "number",
            "isConstructorParam": true,
            "doc": ""
        },
        {
            "name": "html",
            "default": "",
            "type": "string",
            "isConstructorParam": true,
            "doc": ""
        }
    ],
    "methods": [
        {
            "name": "updateSize",
            "isPrivate": true,
            "param": [],
            "doc": ""
        }
    ],
    "children": [
        {
            "type": "foreignObject",
            "attributes": [
                {
                    "name": "id",
                    "value": ""
                },
                {
                    "name": "class",
                    "value": ""
                },
                {
                    "name": "x",
                    "value": "0"
                },
                {
                    "name": "y",
                    "value": "0"
                }
            ],
            "textNodeContent": "",
            "componentVariableName": "",
            "properties": [],
            "children": [
                {
                    "type": "textNode",
                    "attributes": [
                        {
                            "name": "id",
                            "value": ""
                        },
                        {
                            "name": "class",
                            "value": ""
                        }
                    ],
                    "textNodeContent": "html",
                    "componentVariableName": "",
                    "properties": [],
                    "children": []
                }
            ]
        }
    ],
    "doc": ""
}