{
    "type": "guiComponent",
    "name": "MenuItem",
    "attributes": [
        {
            "name": "label",
            "default": "",
            "type": "string",
            "isConstructorParam": true,
            "doc": ""
        },
        {
            "name": "deploy",
            "default": "false",
            "type": "boolean",
            "isConstructorParam": false,
            "doc": ""
        },
        {
            "name": "updated",
            "default": "false",
            "type": "boolean",
            "isConstructorParam": false,
            "doc": ""
        },
        {
            "name": "parentMenu",
            "default": "",
            "type": "null",
            "isConstructorParam": false,
            "doc": ""
        },
        {
            "name": "elements",
            "default": "",
            "type": "list",
            "isConstructorParam": false,
            "doc": ""
        },
        {
            "name": "backItem",
            "default": "component.getById('backItem')",
            "type": "object",
            "isConstructorParam": false,
            "doc": ""
        }
    ],
    "methods": [
        {
            "name": "initPosition",
            "isPrivate": true,
            "param": [],
            "doc": ""
        },
        {
            "name": "update",
            "isPrivate": false,
            "param": [],
            "doc": ""
        },
        {
            "name": "open",
            "isPrivate": false,
            "param": [],
            "doc": ""
        },
        {
            "name": "openAll",
            "isPrivate": false,
            "param": [],
            "doc": ""
        },
        {
            "name": "close",
            "isPrivate": false,
            "param": [],
            "doc": ""
        },
        {
            "name": "closeAllChildren",
            "isPrivate": false,
            "param": [],
            "doc": ""
        },
        {
            "name": "closeAll",
            "isPrivate": false,
            "param": [],
            "doc": ""
        },
        {
            "name": "closeParent",
            "isPrivate": false,
            "param": [],
            "doc": ""
        },
        {
            "name": "unlightAll",
            "isPrivate": false,
            "param": [],
            "doc": ""
        },
        {
            "name": "display",
            "isPrivate": false,
            "param": [],
            "doc": ""
        },
        {
            "name": "hide",
            "isPrivate": false,
            "param": [],
            "doc": ""
        },
        {
            "name": "doNothing",
            "isPrivate": true,
            "param": [],
            "doc": ""
        },
        {
            "name": "onAction",
            "isPrivate": false,
            "param": [],
            "doc": ""
        },
        {
            "name": "onClick",
            "isPrivate": false,
            "param": [
                "event"
            ],
            "doc": ""
        },
        {
            "name": "onContextMenu",
            "isPrivate": false,
            "param": [
                "event"
            ],
            "doc": ""
        },
        {
            "name": "onMouseOut",
            "isPrivate": false,
            "param": [],
            "doc": ""
        },
        {
            "name": "onResize",
            "isPrivate": false,
            "param": [],
            "doc": ""
        }
    ],
    "children": [
        {
            "type": "li",
            "attributes": [
                {
                    "name": "id",
                    "value": ""
                },
                {
                    "name": "class",
                    "value": "menuItem"
                }
            ],
            "textNodeContent": "",
            "componentVariableName": "",
            "properties": [],
            "children": [
                {
                    "type": "div",
                    "attributes": [
                        {
                            "name": "id",
                            "value": "menu-item-label"
                        },
                        {
                            "name": "class",
                            "value": "menu-item-label"
                        }
                    ],
                    "textNodeContent": "",
                    "componentVariableName": "",
                    "properties": [],
                    "children": [
                        {
                            "type": "textNode",
                            "attributes": [
                                {
                                    "name": "id",
                                    "value": ""
                                },
                                {
                                    "name": "class",
                                    "value": ""
                                }
                            ],
                            "textNodeContent": "label",
                            "componentVariableName": "",
                            "properties": [],
                            "children": []
                        },
                        {
                            "type": "span",
                            "attributes": [
                                {
                                    "name": "id",
                                    "value": "arrow"
                                },
                                {
                                    "name": "class",
                                    "value": "arrow"
                                }
                            ],
                            "textNodeContent": "",
                            "componentVariableName": "",
                            "properties": [],
                            "children": [
                                {
                                    "type": "textNode",
                                    "attributes": [
                                        {
                                            "name": "id",
                                            "value": ""
                                        },
                                        {
                                            "name": "class",
                                            "value": ""
                                        }
                                    ],
                                    "textNodeContent": "►",
                                    "componentVariableName": "",
                                    "properties": [],
                                    "children": []
                                }
                            ]
                        }
                    ]
                },
                {
                    "type": "ul",
                    "attributes": [
                        {
                            "name": "id",
                            "value": "children-list"
                        },
                        {
                            "name": "class",
                            "value": "children-list"
                        }
                    ],
                    "textNodeContent": "",
                    "componentVariableName": "",
                    "properties": [],
                    "children": [
                        {
                            "type": "li",
                            "attributes": [
                                {
                                    "name": "id",
                                    "value": "backItem"
                                },
                                {
                                    "name": "class",
                                    "value": "menuItem backItem"
                                }
                            ],
                            "textNodeContent": "",
                            "componentVariableName": "",
                            "properties": [],
                            "children": [
                                {
                                    "type": "div",
                                    "attributes": [
                                        {
                                            "name": "id",
                                            "value": "menu-item-label"
                                        },
                                        {
                                            "name": "class",
                                            "value": "menu-item-label"
                                        }
                                    ],
                                    "textNodeContent": "",
                                    "componentVariableName": "",
                                    "properties": [],
                                    "children": [
                                        {
                                            "type": "span",
                                            "attributes": [
                                                {
                                                    "name": "id",
                                                    "value": "backArrow"
                                                },
                                                {
                                                    "name": "class",
                                                    "value": "backArrow"
                                                }
                                            ],
                                            "textNodeContent": "",
                                            "componentVariableName": "",
                                            "properties": [],
                                            "children": [
                                                {
                                                    "type": "textNode",
                                                    "attributes": [
                                                        {
                                                            "name": "id",
                                                            "value": ""
                                                        },
                                                        {
                                                            "name": "class",
                                                            "value": ""
                                                        }
                                                    ],
                                                    "textNodeContent": "◄",
                                                    "componentVariableName": "",
                                                    "properties": [],
                                                    "children": []
                                                }
                                            ]
                                        },
                                        {
                                            "type": "textNode",
                                            "attributes": [
                                                {
                                                    "name": "id",
                                                    "value": ""
                                                },
                                                {
                                                    "name": "class",
                                                    "value": ""
                                                }
                                            ],
                                            "textNodeContent": "Back",
                                            "componentVariableName": "",
                                            "properties": [],
                                            "children": []
                                        }
                                    ]
                                }
                            ]
                        }
                    ]
                }
            ]
        }
    ],
    "doc": ""
}