{
    "type": "guiComponent",
    "name": "Textarea",
    "attributes": [
        {
            "name": "placeholder",
            "default": "",
            "type": "string",
            "isConstructorParam": true,
            "doc": ""
        },
        {
            "name": "value",
            "default": "",
            "type": "string",
            "isConstructorParam": true,
            "doc": ""
        }
    ],
    "methods": [
        {
            "name": "focus",
            "isPrivate": false,
            "param": [],
            "doc": ""
        },
        {
            "name": "blur",
            "isPrivate": false,
            "param": [],
            "doc": ""
        },
        {
            "name": "clear",
            "isPrivate": false,
            "param": [],
            "doc": ""
        },
        {
            "name": "onFocus",
            "isPrivate": false,
            "param": [],
            "doc": ""
        },
        {
            "name": "onChange",
            "isPrivate": false,
            "param": [],
            "doc": ""
        },
        {
            "name": "onBlur",
            "isPrivate": false,
            "param": [],
            "doc": ""
        },
        {
            "name": "setReadonly",
            "isPrivate": false,
            "param": [
                "readonly"
            ],
            "doc": ""
        },
        {
            "name": "onRemove",
            "isPrivate": false,
            "param": [],
            "doc": ""
        }
    ],
    "children": [
        {
            "type": "div",
            "attributes": [
                {
                    "name": "id",
                    "value": ""
                },
                {
                    "name": "class",
                    "value": "inputText"
                }
            ],
            "textNodeContent": "",
            "componentVariableName": "",
            "properties": [],
            "children": [
                {
                    "type": "textarea",
                    "attributes": [
                        {
                            "name": "id",
                            "value": "input"
                        },
                        {
                            "name": "class",
                            "value": ""
                        },
                        {
                            "name": "name",
                            "value": ""
                        },
                        {
                            "name": "placeholder",
                            "value": "dataManager.encodeHTMLEntities(placeholder)"
                        }
                    ],
                    "textNodeContent": "",
                    "componentVariableName": "",
                    "properties": [],
                    "children": [
                        {
                            "type": "textNode",
                            "attributes": [
                                {
                                    "name": "id",
                                    "value": ""
                                },
                                {
                                    "name": "class",
                                    "value": ""
                                }
                            ],
                            "textNodeContent": "dataManager.encodeHTMLEntities(value)",
                            "componentVariableName": "",
                            "properties": [],
                            "children": []
                        }
                    ]
                },
                {
                    "type": "label",
                    "attributes": [
                        {
                            "name": "id",
                            "value": "mask"
                        },
                        {
                            "name": "class",
                            "value": "mask"
                        },
                        {
                            "name": "for",
                            "value": "input"
                        }
                    ],
                    "textNodeContent": "",
                    "componentVariableName": "",
                    "properties": [],
                    "children": []
                }
            ]
        }
    ],
    "doc": ""
}