{
    "type": "basicClass",
    "name": "Group2D",
    "extendComponent": false,
    "attributes": [
        {
            "name": "objects",
            "default": "",
            "type": "list",
            "isConstructorParam": false,
            "doc": ""
        },
        {
            "name": "x",
            "default": "0",
            "type": "number",
            "isConstructorParam": false,
            "doc": ""
        },
        {
            "name": "y",
            "default": "0",
            "type": "number",
            "isConstructorParam": false,
            "doc": ""
        },
        {
            "name": "angle",
            "default": "0",
            "type": "number",
            "isConstructorParam": false,
            "doc": ""
        }
    ],
    "methods": [
        {
            "name": "render",
            "isPrivate": false,
            "param": [
                "context"
            ],
            "doc": ""
        }
    ],
    "doc": ""
}