{
    "type": "canvas2dClass",
    "name": "Sprite2D",
    "extend": "object2D",
    "attributes": [
        {
            "name": "sourceImage",
            "default": "",
            "type": "object",
            "isConstructorParam": true,
            "doc": ""
        },
        {
            "name": "nbAnimations",
            "default": "",
            "type": "number",
            "isConstructorParam": true,
            "doc": ""
        },
        {
            "name": "nbFrames",
            "default": "",
            "type": "number",
            "isConstructorParam": true,
            "doc": ""
        },
        {
            "name": "vertical",
            "default": "",
            "type": "boolean",
            "isConstructorParam": true,
            "doc": ""
        },
        {
            "name": "targetX",
            "default": "",
            "type": "number",
            "isConstructorParam": true,
            "doc": ""
        },
        {
            "name": "targetY",
            "default": "",
            "type": "number",
            "isConstructorParam": true,
            "doc": ""
        },
        {
            "name": "targetWidth",
            "default": "",
            "type": "number",
            "isConstructorParam": true,
            "doc": ""
        },
        {
            "name": "targetHeight",
            "default": "",
            "type": "number",
            "isConstructorParam": true,
            "doc": ""
        },
        {
            "name": "spriteWidth",
            "default": "sourceImage.width/nbFrames",
            "type": "number",
            "isConstructorParam": false,
            "doc": ""
        },
        {
            "name": "spriteHeight",
            "default": "sourceImage.height/nbAnimations",
            "type": "number",
            "isConstructorParam": false,
            "doc": ""
        },
        {
            "name": "animationNum",
            "default": "0",
            "type": "number",
            "isConstructorParam": false,
            "doc": ""
        },
        {
            "name": "frameNum",
            "default": "0",
            "type": "number",
            "isConstructorParam": false,
            "doc": ""
        }
    ],
    "methods": [
        {
            "name": "updateSprite",
            "isPrivate": true,
            "param": [],
            "doc": ""
        },
        {
            "name": "render",
            "isPrivate": false,
            "param": [
                "context"
            ],
            "doc": ""
        }
    ],
    "doc": ""
}