{
    "type": "basicClass",
    "name": "Matrix",
    "extendComponent": false,
    "attributes": [
        {
            "name": "matrix",
            "default": "",
            "type": "array",
            "isConstructorParam": false,
            "doc": ""
        },
        {
            "name": "table",
            "default": "new glMatrixArrayType(16)",
            "type": "object",
            "isConstructorParam": false,
            "doc": ""
        }
    ],
    "methods": [
        {
            "name": "convertToTable",
            "isPrivate": false,
            "param": [],
            "doc": ""
        },
        {
            "name": "convertToMatrix",
            "isPrivate": false,
            "param": [],
            "doc": ""
        },
        {
            "name": "identity",
            "isPrivate": false,
            "param": [],
            "doc": ""
        },
        {
            "name": "nullMatrix",
            "isPrivate": false,
            "param": [],
            "doc": ""
        },
        {
            "name": "multiplyLeft",
            "isPrivate": false,
            "param": [],
            "doc": ""
        },
        {
            "name": "multiplyRight",
            "isPrivate": false,
            "param": [],
            "doc": ""
        },
        {
            "name": "multiplyVect",
            "isPrivate": false,
            "param": [],
            "doc": ""
        },
        {
            "name": "transpose",
            "isPrivate": false,
            "param": [],
            "doc": ""
        },
        {
            "name": "invert",
            "isPrivate": false,
            "param": [],
            "doc": ""
        },
        {
            "name": "inverse",
            "isPrivate": false,
            "param": [],
            "doc": ""
        },
        {
            "name": "clone",
            "isPrivate": false,
            "param": [],
            "doc": ""
        },
        {
            "name": "setItemMatrix",
            "isPrivate": false,
            "param": [
                "i",
                "j",
                "value"
            ],
            "doc": ""
        },
        {
            "name": "setItemTable",
            "isPrivate": false,
            "param": [
                "index",
                "value"
            ],
            "doc": ""
        }
    ],
    "doc": ""
}