{
    "type": "guiComponent",
    "name": "AutoComplete",
    "attributes": [
        {
            "name": "value",
            "default": "",
            "type": "null",
            "isConstructorParam": false,
            "doc": ""
        },
        {
            "name": "selectedIndex",
            "default": "",
            "type": "null",
            "isConstructorParam": false,
            "doc": ""
        },
        {
            "name": "list",
            "default": "",
            "type": "array",
            "isConstructorParam": false,
            "doc": ""
        },
        {
            "name": "displayedLines",
            "default": "",
            "type": "array",
            "isConstructorParam": false,
            "doc": ""
        },
        {
            "name": "enable",
            "default": "true",
            "type": "boolean",
            "isConstructorParam": false,
            "doc": ""
        },
        {
            "name": "open",
            "default": "false",
            "type": "boolean",
            "isConstructorParam": false,
            "doc": ""
        },
        {
            "name": "enlighted",
            "default": "",
            "type": "null",
            "isConstructorParam": false,
            "doc": ""
        },
        {
            "name": "searchDate",
            "default": "",
            "type": "date",
            "isConstructorParam": false,
            "doc": ""
        },
        {
            "name": "freeze",
            "default": "false",
            "type": "boolean",
            "isConstructorParam": false,
            "doc": ""
        },
        {
            "name": "emptyMessage",
            "default": "",
            "type": "string",
            "isConstructorParam": false,
            "doc": ""
        },
        {
            "name": "invisibleFreezeScreen",
            "default": "new InvisibleFreezeScreen()",
            "type": "object",
            "isConstructorParam": false,
            "doc": ""
        },
        {
            "name": "panel",
            "default": "new Component(component.getById('panel'))",
            "type": "object",
            "isConstructorParam": false,
            "doc": ""
        },
        {
            "name": "listTable",
            "default": "panel.getById('list' + component.getId())",
            "type": "object",
            "isConstructorParam": false,
            "doc": ""
        },
        {
            "name": "freezeOnDown",
            "default": "false",
            "type": "boolean",
            "isConstructorParam": false,
            "doc": ""
        }
    ],
    "methods": [
        {
            "name": "select",
            "isPrivate": false,
            "param": [
                "entry"
            ],
            "doc": ""
        },
        {
            "name": "enlight",
            "isPrivate": false,
            "param": [
                "index"
            ],
            "doc": ""
        },
        {
            "name": "buildInterface",
            "isPrivate": false,
            "param": [
                "entry",
                "load"
            ],
            "doc": ""
        },
        {
            "name": "emptyDisplayedLines",
            "isPrivate": false,
            "param": [],
            "doc": ""
        },
        {
            "name": "addDisplayedLine",
            "isPrivate": false,
            "param": [
                "line",
                "lineNode"
            ],
            "doc": ""
        },
        {
            "name": "resize",
            "isPrivate": true,
            "param": [],
            "doc": ""
        },
        {
            "name": "onOpen",
            "isPrivate": false,
            "param": [],
            "doc": ""
        },
        {
            "name": "open",
            "isPrivate": false,
            "param": [],
            "doc": ""
        },
        {
            "name": "onClose",
            "isPrivate": false,
            "param": [],
            "doc": ""
        },
        {
            "name": "close",
            "isPrivate": false,
            "param": [],
            "doc": ""
        },
        {
            "name": "truncateSelectedValue",
            "isPrivate": false,
            "param": [],
            "doc": ""
        },
        {
            "name": "autoResize",
            "isPrivate": false,
            "param": [],
            "doc": ""
        },
        {
            "name": "onChange",
            "isPrivate": false,
            "param": [
                "value"
            ],
            "doc": ""
        },
        {
            "name": "onTyping",
            "isPrivate": false,
            "param": [
                "value"
            ],
            "doc": ""
        },
        {
            "name": "openList",
            "isPrivate": true,
            "param": [],
            "doc": ""
        },
        {
            "name": "onKeyDown",
            "isPrivate": false,
            "param": [
                "event"
            ],
            "doc": ""
        },
        {
            "name": "onResize",
            "isPrivate": false,
            "param": [],
            "doc": ""
        },
        {
            "name": "getById",
            "isPrivate": false,
            "param": [
                "id"
            ],
            "doc": ""
        },
        {
            "name": "getValue",
            "isPrivate": false,
            "param": [],
            "doc": ""
        },
        {
            "name": "setValue",
            "isPrivate": false,
            "param": [
                "value"
            ],
            "doc": ""
        },
        {
            "name": "setPlaceholder",
            "isPrivate": false,
            "param": [
                "placeholder"
            ],
            "doc": ""
        }
    ],
    "children": [
        {
            "type": "div",
            "attributes": [
                {
                    "name": "id",
                    "value": ""
                },
                {
                    "name": "class",
                    "value": "autoComplete"
                }
            ],
            "textNodeContent": "",
            "componentVariableName": "",
            "properties": [],
            "children": [
                {
                    "type": "p",
                    "attributes": [
                        {
                            "name": "id",
                            "value": ""
                        },
                        {
                            "name": "class",
                            "value": "selectedBlock"
                        }
                    ],
                    "textNodeContent": "",
                    "componentVariableName": "",
                    "properties": [],
                    "children": [
                        {
                            "type": "input",
                            "attributes": [
                                {
                                    "name": "id",
                                    "value": "selectedElement"
                                },
                                {
                                    "name": "class",
                                    "value": ""
                                },
                                {
                                    "name": "type",
                                    "value": "text"
                                },
                                {
                                    "name": "name",
                                    "value": "selectedElement"
                                },
                                {
                                    "name": "value",
                                    "value": ""
                                },
                                {
                                    "name": "placeholder",
                                    "value": ""
                                },
                                {
                                    "name": "autocomplete",
                                    "value": "off"
                                }
                            ],
                            "textNodeContent": "",
                            "componentVariableName": "",
                            "properties": [],
                            "children": []
                        },
                        {
                            "type": "div",
                            "attributes": [
                                {
                                    "name": "id",
                                    "value": "truncate"
                                },
                                {
                                    "name": "class",
                                    "value": "truncate"
                                }
                            ],
                            "textNodeContent": "",
                            "componentVariableName": "",
                            "properties": [],
                            "children": []
                        }
                    ]
                },
                {
                    "type": "div",
                    "attributes": [
                        {
                            "name": "id",
                            "value": "invisibleFreezeScreen"
                        },
                        {
                            "name": "class",
                            "value": "invisibleFreezeScreen"
                        }
                    ],
                    "textNodeContent": "",
                    "componentVariableName": "",
                    "properties": [],
                    "children": []
                },
                {
                    "type": "div",
                    "attributes": [
                        {
                            "name": "id",
                            "value": "panel"
                        },
                        {
                            "name": "class",
                            "value": "panel autoCompletePanel"
                        }
                    ],
                    "textNodeContent": "",
                    "componentVariableName": "",
                    "properties": [],
                    "children": [
                        {
                            "type": "table",
                            "attributes": [
                                {
                                    "name": "id",
                                    "value": "list"
                                },
                                {
                                    "name": "class",
                                    "value": ""
                                }
                            ],
                            "textNodeContent": "",
                            "componentVariableName": "",
                            "properties": [],
                            "children": []
                        }
                    ]
                }
            ]
        }
    ],
    "doc": ""
}