{
	"type": "guiComponent",
	"name": "ComboBoxItem",
	"attributes": [
		{
			"name": "name",
			"default": "",
			"type": "string",
			"isConstructorParam": true,
			"doc": "Stocke le nom affiché de l'option"
		},
		{
			"name": "value",
			"default": "",
			"type": "string",
			"isConstructorParam": true,
			"doc": "Stocke la valeur de l'option."
		},
		{
			"name": "color",
			"default": "",
			"type": "object",
			"isConstructorParam": true,
			"doc": "Stocke la couleur de l'option. Si cet attribut est renseigné, un rectangle de couleur est affiché dans l'option."
		},
		{
			"name": "selected",
			"default": "",
			"type": "boolean",
			"isConstructorParam": true,
			"doc": "Booléen qui indique si l'option est sélectionnée ou non."
		}
	],
	"methods": [
		{
			"name": "update",
			"isPrivate": false,
			"param": [],
			"doc": "Méthode interne qui met à jour l'affichage de l'option en fonction des valeurs des attributs."
		}
	],
	"children": [
		{
			"type": "li",
			"attributes": [
				{
					"name": "id",
					"value": ""
				},
				{
					"name": "class",
					"value": "selected"
				}
			],
			"textNodeContent": "",
			"componentVariableName": "",
			"properties": [],
			"children": []
		}
	],
	"doc": "L'objet ComboBoxItem sert à afficher les options de la liste déroulante générée par l'objet ComboBox. \nLes objets ComboBoxItem sont générés automatiquement à la création d'un objet ComboBox."
}