{
	"type": "guiComponent",
	"name": "DockItem",
	"attributes": [
		{
			"name": "label",
			"default": "",
			"type": "string",
			"isConstructorParam": true,
			"doc": "Stocke l'intitulé à afficher de l'élément."
		},
		{
			"name": "icon",
			"default": "",
			"type": "object",
			"isConstructorParam": true,
			"doc": "Stocke l'icône à afficher. Ca peut être un noeud SVG comme un noeud image."
		},
		{
			"name": "isOpen",
			"default": "",
			"type": "boolean",
			"isConstructorParam": true,
			"doc": "Booléen qui indique si 'élément est actif ou non. S'il s'agit d'un élément qui lance une application, ceci indique que l'application en question est ouverte."
		},
		{
			"name": "maxBaseWidth",
			"default": "75",
			"type": "number",
			"isConstructorParam": false,
			"doc": "Stocke la largeur maximale de l'élément."
		},
		{
			"name": "baseWidth",
			"default": "50",
			"type": "number",
			"isConstructorParam": false,
			"doc": "Stocke la largeur de l'élément."
		},
		{
			"name": "currentWidth",
			"default": "baseWidth",
			"type": "number",
			"isConstructorParam": false,
			"doc": "Stocke la largeur actuelle de l'élément."
		},
		{
			"name": "parent",
			"default": "",
			"type": "null",
			"isConstructorParam": false,
			"doc": "Référence vers l'objet Dock parent."
		},
		{
			"name": "openIcon",
			"default": "Loader.getSVG('icons', 'active-dock-item-icon', 6, 6)",
			"type": "object",
			"isConstructorParam": false,
			"doc": "Icône SVG qui signale que l'élément est actif. "
		},
		{
			"name": "animationTimer",
			"default": "",
			"type": "null",
			"isConstructorParam": false,
			"doc": "Stocke le timer de l'animation de changement de taille de l'élément au passage de la souris."
		},
		{
			"name": "animationSpeed",
			"default": "0",
			"type": "number",
			"isConstructorParam": false,
			"doc": "Stocke la vitesse de l'animation de changement de taille de l'élément au passage de la souris."
		},
		{
			"name": "clicked",
			"default": "false",
			"type": "boolean",
			"isConstructorParam": false,
			"doc": "Obsolète"
		},
		{
			"name": "moved",
			"default": "false",
			"type": "boolean",
			"isConstructorParam": false,
			"doc": "Obsolète"
		},
		{
			"name": "dragging",
			"default": "false",
			"type": "boolean",
			"isConstructorParam": false,
			"doc": "Booléen qui indique si l'élément est déplacée par une action de glisser déposer ou non."
		},
		{
			"name": "startX",
			"default": "0",
			"type": "number",
			"isConstructorParam": false,
			"doc": "Stocke la position de départ en X de la souris lors d'une action de glisser déposer."
		},
		{
			"name": "startY",
			"default": "0",
			"type": "number",
			"isConstructorParam": false,
			"doc": "Stocke la position de départ en Y de la souris lors d'une action de glisser déposer."
		},
		{
			"name": "offsetX",
			"default": "0",
			"type": "number",
			"isConstructorParam": false,
			"doc": "Stocke le décalage en X entre la position de la souris et la position de l'élément au démarrage d'une action de glisser déposer pour maintenir ce décalage au cours du mouvement."
		},
		{
			"name": "offsetY",
			"default": "0",
			"type": "number",
			"isConstructorParam": false,
			"doc": "Stocke le décalage en Y entre la position de la souris et la position de l'élément au démarrage d'une action de glisser déposer pour maintenir ce décalage au cours du mouvement."
		},
		{
			"name": "ghost",
			"default": "",
			"type": "null",
			"isConstructorParam": false,
			"doc": "Clone de l'élément qui suit le mouvement de la souris lors d'une action de glisser déposer."
		},
		{
			"name": "virtualItem",
			"default": "",
			"type": "null",
			"isConstructorParam": false,
			"doc": "Clone de l'élément qui montre où sera déposé l'élément en cours de glisser déposer lorsque la souris sera lâchée."
		},
		{
			"name": "parentNode",
			"default": "",
			"type": "null",
			"isConstructorParam": false,
			"doc": "Obsolète"
		},
		{
			"name": "offsetIndex",
			"default": "0",
			"type": "number",
			"isConstructorParam": false,
			"doc": "Stocke la position où se trouvait l'élément au démarrage d'une action de glisser déposer."
		},
		{
			"name": "currentIndex",
			"default": "0",
			"type": "number",
			"isConstructorParam": false,
			"doc": "Stock la position où serait déposé l'élément en cours de glisser déposer si on lâchait la souris."
		}
	],
	"methods": [
		{
			"name": "updateIcon",
			"isPrivate": true,
			"param": [],
			"doc": "Met à jour l'affichage de l'icône de l'élément."
		},
		{
			"name": "updateOpenIcon",
			"isPrivate": true,
			"param": [],
			"doc": "Met à jour l'affichage de l'icône qui signale si l'élément est actif ou non."
		},
		{
			"name": "animation",
			"isPrivate": true,
			"param": [],
			"doc": "Gère l'animation de changement de taille de l'élément en fonction de la position de la souris."
		},
		{
			"name": "launchReductionAnimation",
			"isPrivate": false,
			"param": [],
			"doc": "Lance l'animation de changement de taille de l'élément."
		},
		{
			"name": "onAction",
			"isPrivate": false,
			"param": [
				"event"
			],
			"doc": "Action déclenchée lors du  clique sur l'élément. \nCette méthode doit être définie par l'utilisateur. \nLe paramètre $event contient les informations de l'événement click déclenché. Il n'y a a priori pas besoin de l'exploiter."
		},
		{
			"name": "onClick",
			"isPrivate": false,
			"param": [
				"event"
			],
			"doc": "Méthode déclenchée lors du clique sur l'élément. \nElle exécute la méthode onActions.\nLe paramètre $event contient les informations de l'événement click déclenché. "
		},
		{
			"name": "onRemoveFromDock",
			"isPrivate": false,
			"param": [
				"event"
			],
			"doc": "Action déclenchée lors de la suppression de l'élément du dock. \nCette méthode doit être définie par l'utilisateur. \nLe paramètre $event contient les informations de l'événement déclenché."
		},
		{
			"name": "onMouseOver",
			"isPrivate": false,
			"param": [
				"event"
			],
			"doc": "Affiche l'intitulé de l'élément lorsque la souris le survole. \nLe paramètre $event contient les information de position de la souris."
		},
		{
			"name": "onMouseOut",
			"isPrivate": false,
			"param": [
				"event"
			],
			"doc": "Masque l'intitulé de l'élément lorsque la souris en sort. \nLe paramètre $event contient les information de position de la souris."
		},
		{
			"name": "onDrag",
			"isPrivate": false,
			"param": [
				"x",
				"y"
			],
			"doc": "Retourne l'élément qui est survolé par l'élément en cours de glisser déposé. \nLe paramètre $x renseigne la position de la souris en X.\nLe paramètre $y renseigne la position de la souris en Y."
		},
		{
			"name": "onRelease",
			"isPrivate": false,
			"param": [
				"list",
				"index"
			],
			"doc": "Déclenche l'insertion de l'élément dans le dock à la position $index à la fin d'une action de glisser déposer."
		},
		{
			"name": "onMouseMove",
			"isPrivate": true,
			"param": [
				"event"
			],
			"doc": "Gère le mouvement de l'élément en fonction du mouvement de la souris lors d'une action de glisser déposer. \nLa paramètre $event contient les informations de position et de mouvement de la souris. "
		},
		{
			"name": "mouseMove",
			"isPrivate": false,
			"param": [],
			"doc": "Alias de onMouseMove."
		},
		{
			"name": "onMouseUp",
			"isPrivate": true,
			"param": [
				"event"
			],
			"doc": "Met fin à une action de glisser déposer.\nLa paramètre $event contient les informations de position et de mouvement de la souris. "
		},
		{
			"name": "mouseUp",
			"isPrivate": false,
			"param": [],
			"doc": "Alias de onMouseUp."
		},
		{
			"name": "onKeyUp",
			"isPrivate": false,
			"param": [
				"event"
			],
			"doc": "Met fin à une action de glisser déposer lorsqu'on tape sur la touche échappe. \nLe paramètre $event contient les informations de la touche clavier utilisée."
		},
		{
			"name": "getOverLayer",
			"isPrivate": false,
			"param": [
				"x",
				"y",
				"movingElement"
			],
			"doc": "Détecte si l'élément est survolée par une autre élément qui fait l'objet d'une action de glisser déposer. \nLe paramètre $x renseigne la position en X de l'élément en déplacement.\nLe paramètre $y renseigne la position en Y de l'élément en déplacement.\nLe paramètre $movingElement contient l'élément en déplacement."
		},
		{
			"name": "index",
			"isPrivate": false,
			"param": [],
			"doc": "Retourne la position courante de l'icône dans son noeud HTML parent par rapport à ses noeuds frères."
		},
		{
			"name": "isLast",
			"isPrivate": false,
			"param": [],
			"doc": "Indique si l'élément est à la dernière position parmi sa fratrie dans le son noeud HTML parent."
		},
		{
			"name": "setCurrentSize",
			"isPrivate": false,
			"param": [
				"width"
			],
			"doc": "Affecte la valeur $width à l'attribut currentWidth et met à jour l'affichage de l'élément en conséquence."
		}
	],
	"children": [
		{
			"type": "li",
			"attributes": [
				{
					"name": "id",
					"value": ""
				},
				{
					"name": "class",
					"value": "dockItem"
				}
			],
			"textNodeContent": "",
			"componentVariableName": "",
			"properties": [],
			"children": [
				{
					"type": "div",
					"attributes": [
						{
							"name": "id",
							"value": "label"
						},
						{
							"name": "class",
							"value": "dockItemLabel"
						}
					],
					"textNodeContent": "",
					"componentVariableName": "",
					"properties": [],
					"children": [
						{
							"type": "textNode",
							"attributes": [
								{
									"name": "id",
									"value": ""
								},
								{
									"name": "class",
									"value": ""
								}
							],
							"textNodeContent": "label",
							"componentVariableName": "",
							"properties": [],
							"children": []
						}
					]
				},
				{
					"type": "div",
					"attributes": [
						{
							"name": "id",
							"value": "icon"
						},
						{
							"name": "class",
							"value": "dockItemIcon"
						}
					],
					"textNodeContent": "",
					"componentVariableName": "",
					"properties": [],
					"children": []
				},
				{
					"type": "div",
					"attributes": [
						{
							"name": "id",
							"value": "openIcon"
						},
						{
							"name": "class",
							"value": "openIcon"
						}
					],
					"textNodeContent": "",
					"componentVariableName": "",
					"properties": [],
					"children": [
						{
							"type": "div",
							"attributes": [
								{
									"name": "id",
									"value": ""
								},
								{
									"name": "class",
									"value": "wall"
								}
							],
							"textNodeContent": "",
							"componentVariableName": "",
							"properties": [],
							"children": []
						}
					]
				}
			]
		}
	],
	"doc": "L'objet DockItem permet d'afficher les éléments contenus dans l'objet Dock."
}