{
    "type": "guiComponent",
    "name": "Frame",
    "attributes": [
        {
            "name": "content",
            "default": "",
            "type": "string",
            "isConstructorParam": true,
            "doc": ""
        },
        {
            "name": "title",
            "default": "",
            "type": "string",
            "isConstructorParam": true,
            "doc": ""
        },
        {
            "name": "minWidth",
            "default": "300",
            "type": "number",
            "isConstructorParam": false,
            "doc": ""
        },
        {
            "name": "minHeight",
            "default": "200",
            "type": "number",
            "isConstructorParam": false,
            "doc": ""
        },
        {
            "name": "width",
            "default": "300",
            "type": "number",
            "isConstructorParam": false,
            "doc": ""
        },
        {
            "name": "height",
            "default": "200",
            "type": "number",
            "isConstructorParam": false,
            "doc": ""
        },
        {
            "name": "x",
            "default": "0",
            "type": "number",
            "isConstructorParam": false,
            "doc": ""
        },
        {
            "name": "y",
            "default": "35",
            "type": "number",
            "isConstructorParam": false,
            "doc": ""
        },
        {
            "name": "closeIcon",
            "default": "Loader.getSVG('icons', 'close-icon', 20, 20)",
            "type": "number",
            "isConstructorParam": false,
            "doc": ""
        },
        {
            "name": "hideIcon",
            "default": "Loader.getSVG('icons', 'hide-frame-icon', 20, 20)",
            "type": "number",
            "isConstructorParam": false,
            "doc": ""
        },
        {
            "name": "fullscreenModeIcon",
            "default": "Loader.getSVG('icons', 'fullscreen-mode-icon', 20, 20)",
            "type": "number",
            "isConstructorParam": false,
            "doc": ""
        },
        {
            "name": "frameModeIcon",
            "default": "Loader.getSVG('icons', 'frame-mode-icon', 20, 20)",
            "type": "number",
            "isConstructorParam": false,
            "doc": ""
        },
        {
            "name": "clicked",
            "default": "false",
            "type": "boolean",
            "isConstructorParam": false,
            "doc": ""
        },
        {
            "name": "moved",
            "default": "false",
            "type": "boolean",
            "isConstructorParam": false,
            "doc": ""
        },
        {
            "name": "draggingAll",
            "default": "false",
            "type": "boolean",
            "isConstructorParam": false,
            "doc": ""
        },
        {
            "name": "draggingLeft",
            "default": "false",
            "type": "boolean",
            "isConstructorParam": false,
            "doc": ""
        },
        {
            "name": "draggingRight",
            "default": "false",
            "type": "boolean",
            "isConstructorParam": false,
            "doc": ""
        },
        {
            "name": "draggingTop",
            "default": "false",
            "type": "boolean",
            "isConstructorParam": false,
            "doc": ""
        },
        {
            "name": "draggingBottom",
            "default": "false",
            "type": "boolean",
            "isConstructorParam": false,
            "doc": ""
        },
        {
            "name": "draggingTL",
            "default": "false",
            "type": "boolean",
            "isConstructorParam": false,
            "doc": ""
        },
        {
            "name": "draggingTR",
            "default": "false",
            "type": "boolean",
            "isConstructorParam": false,
            "doc": ""
        },
        {
            "name": "draggingBL",
            "default": "false",
            "type": "boolean",
            "isConstructorParam": false,
            "doc": ""
        },
        {
            "name": "draggingBR",
            "default": "false",
            "type": "boolean",
            "isConstructorParam": false,
            "doc": ""
        },
        {
            "name": "startX",
            "default": "0",
            "type": "number",
            "isConstructorParam": false,
            "doc": ""
        },
        {
            "name": "startY",
            "default": "0",
            "type": "number",
            "isConstructorParam": false,
            "doc": ""
        },
        {
            "name": "offsetX",
            "default": "0",
            "type": "number",
            "isConstructorParam": false,
            "doc": ""
        },
        {
            "name": "offsetY",
            "default": "0",
            "type": "number",
            "isConstructorParam": false,
            "doc": ""
        },
        {
            "name": "previousX",
            "default": "0",
            "type": "number",
            "isConstructorParam": false,
            "doc": ""
        },
        {
            "name": "previousY",
            "default": "0",
            "type": "number",
            "isConstructorParam": false,
            "doc": ""
        },
        {
            "name": "fullscreen",
            "default": "false",
            "type": "boolean",
            "isConstructorParam": false,
            "doc": ""
        }
    ],
    "methods": [
        {
            "name": "onHide",
            "isPrivate": false,
            "param": [],
            "doc": ""
        },
        {
            "name": "hide",
            "isPrivate": false,
            "param": [],
            "doc": ""
        },
        {
            "name": "close",
            "isPrivate": false,
            "param": [],
            "doc": ""
        },
        {
            "name": "onFocusFrame",
            "isPrivate": false,
            "param": [],
            "doc": ""
        },
        {
            "name": "onBlurFrame",
            "isPrivate": false,
            "param": [],
            "doc": ""
        },
        {
            "name": "appendContent",
            "isPrivate": false,
            "param": [
                "content"
            ],
            "doc": ""
        },
        {
            "name": "onMouseDown",
            "isPrivate": true,
            "param": [
                "event",
                "component"
            ],
            "doc": ""
        },
        {
            "name": "onDrag",
            "isPrivate": false,
            "param": [
                "x",
                "y"
            ],
            "doc": ""
        },
        {
            "name": "onRelease",
            "isPrivate": false,
            "param": [
                "element",
                "index"
            ],
            "doc": ""
        },
        {
            "name": "onMouseMove",
            "isPrivate": true,
            "param": [
                "event"
            ],
            "doc": ""
        },
        {
            "name": "onMouseUp",
            "isPrivate": true,
            "param": [
                "event"
            ],
            "doc": ""
        },
        {
            "name": "onKeyUp",
            "isPrivate": false,
            "param": [
                "event"
            ],
            "doc": ""
        },
        {
            "name": "onResize",
            "isPrivate": false,
            "param": [
                "width",
                "height"
            ],
            "doc": ""
        },
        {
            "name": "setPosition",
            "isPrivate": false,
            "param": [
                "x",
                "y"
            ],
            "doc": ""
        },
        {
            "name": "setMinDimensions",
            "isPrivate": false,
            "param": [
                "width",
                "height"
            ],
            "doc": ""
        },
        {
            "name": "setDimensions",
            "isPrivate": false,
            "param": [
                "width",
                "height"
            ],
            "doc": ""
        }
    ],
    "children": [
        {
            "type": "div",
            "attributes": [
                {
                    "name": "id",
                    "value": ""
                },
                {
                    "name": "class",
                    "value": "frame"
                }
            ],
            "textNodeContent": "",
            "componentVariableName": "",
            "properties": [],
            "children": [
                {
                    "type": "div",
                    "attributes": [
                        {
                            "name": "id",
                            "value": ""
                        },
                        {
                            "name": "class",
                            "value": "innerFrame"
                        }
                    ],
                    "textNodeContent": "",
                    "componentVariableName": "",
                    "properties": [],
                    "children": [
                        {
                            "type": "div",
                            "attributes": [
                                {
                                    "name": "id",
                                    "value": "backgroundTitleBlock"
                                },
                                {
                                    "name": "class",
                                    "value": "backgroundTitleBlock"
                                }
                            ],
                            "textNodeContent": "",
                            "componentVariableName": "",
                            "properties": [],
                            "children": [
                                {
                                    "type": "div",
                                    "attributes": [
                                        {
                                            "name": "id",
                                            "value": "backgroundTitle"
                                        },
                                        {
                                            "name": "class",
                                            "value": "backgroundTitle"
                                        }
                                    ],
                                    "textNodeContent": "",
                                    "componentVariableName": "",
                                    "properties": [],
                                    "children": [
                                        {
                                            "type": "textNode",
                                            "attributes": [
                                                {
                                                    "name": "id",
                                                    "value": ""
                                                },
                                                {
                                                    "name": "class",
                                                    "value": ""
                                                }
                                            ],
                                            "textNodeContent": "title",
                                            "componentVariableName": "",
                                            "properties": [],
                                            "children": []
                                        }
                                    ]
                                },
                                {
                                    "type": "div",
                                    "attributes": [
                                        {
                                            "name": "id",
                                            "value": ""
                                        },
                                        {
                                            "name": "class",
                                            "value": "wall"
                                        }
                                    ],
                                    "textNodeContent": "",
                                    "componentVariableName": "",
                                    "properties": [],
                                    "children": []
                                }
                            ]
                        },
                        {
                            "type": "div",
                            "attributes": [
                                {
                                    "name": "id",
                                    "value": "titleBlock"
                                },
                                {
                                    "name": "class",
                                    "value": "titleBlock"
                                }
                            ],
                            "textNodeContent": "",
                            "componentVariableName": "",
                            "properties": [],
                            "children": [
                                {
                                    "type": "div",
                                    "attributes": [
                                        {
                                            "name": "id",
                                            "value": "title"
                                        },
                                        {
                                            "name": "class",
                                            "value": "title"
                                        }
                                    ],
                                    "textNodeContent": "",
                                    "componentVariableName": "",
                                    "properties": [],
                                    "children": [
                                        {
                                            "type": "textNode",
                                            "attributes": [
                                                {
                                                    "name": "id",
                                                    "value": ""
                                                },
                                                {
                                                    "name": "class",
                                                    "value": ""
                                                }
                                            ],
                                            "textNodeContent": "title",
                                            "componentVariableName": "",
                                            "properties": [],
                                            "children": []
                                        }
                                    ]
                                },
                                {
                                    "type": "div",
                                    "attributes": [
                                        {
                                            "name": "id",
                                            "value": ""
                                        },
                                        {
                                            "name": "class",
                                            "value": "wall"
                                        }
                                    ],
                                    "textNodeContent": "",
                                    "componentVariableName": "",
                                    "properties": [],
                                    "children": []
                                }
                            ]
                        },
                        {
                            "type": "div",
                            "attributes": [
                                {
                                    "name": "id",
                                    "value": "buttonsBlock"
                                },
                                {
                                    "name": "class",
                                    "value": "buttonsBlock"
                                }
                            ],
                            "textNodeContent": "",
                            "componentVariableName": "",
                            "properties": [],
                            "children": []
                        },
                        {
                            "type": "div",
                            "attributes": [
                                {
                                    "name": "id",
                                    "value": "content"
                                },
                                {
                                    "name": "class",
                                    "value": "content"
                                }
                            ],
                            "textNodeContent": "",
                            "componentVariableName": "",
                            "properties": [],
                            "children": [
                                {
                                    "type": "textNode",
                                    "attributes": [
                                        {
                                            "name": "id",
                                            "value": ""
                                        },
                                        {
                                            "name": "class",
                                            "value": ""
                                        }
                                    ],
                                    "textNodeContent": "content",
                                    "componentVariableName": "",
                                    "properties": [],
                                    "children": []
                                }
                            ]
                        },
                        {
                            "type": "div",
                            "attributes": [
                                {
                                    "name": "id",
                                    "value": "resizeLeft"
                                },
                                {
                                    "name": "class",
                                    "value": "resizeLeft"
                                }
                            ],
                            "textNodeContent": "",
                            "componentVariableName": "",
                            "properties": [],
                            "children": []
                        },
                        {
                            "type": "div",
                            "attributes": [
                                {
                                    "name": "id",
                                    "value": "resizeRight"
                                },
                                {
                                    "name": "class",
                                    "value": "resizeRight"
                                }
                            ],
                            "textNodeContent": "",
                            "componentVariableName": "",
                            "properties": [],
                            "children": []
                        },
                        {
                            "type": "div",
                            "attributes": [
                                {
                                    "name": "id",
                                    "value": "resizeTop"
                                },
                                {
                                    "name": "class",
                                    "value": "resizeTop"
                                }
                            ],
                            "textNodeContent": "",
                            "componentVariableName": "",
                            "properties": [],
                            "children": []
                        },
                        {
                            "type": "div",
                            "attributes": [
                                {
                                    "name": "id",
                                    "value": "resizeBottom"
                                },
                                {
                                    "name": "class",
                                    "value": "resizeBottom"
                                }
                            ],
                            "textNodeContent": "",
                            "componentVariableName": "",
                            "properties": [],
                            "children": []
                        },
                        {
                            "type": "div",
                            "attributes": [
                                {
                                    "name": "id",
                                    "value": "resizeTL"
                                },
                                {
                                    "name": "class",
                                    "value": "resizeTL"
                                }
                            ],
                            "textNodeContent": "",
                            "componentVariableName": "",
                            "properties": [],
                            "children": []
                        },
                        {
                            "type": "div",
                            "attributes": [
                                {
                                    "name": "id",
                                    "value": "resizeTR"
                                },
                                {
                                    "name": "class",
                                    "value": "resizeTR"
                                }
                            ],
                            "textNodeContent": "",
                            "componentVariableName": "",
                            "properties": [],
                            "children": []
                        },
                        {
                            "type": "div",
                            "attributes": [
                                {
                                    "name": "id",
                                    "value": "resizeBL"
                                },
                                {
                                    "name": "class",
                                    "value": "resizeBL"
                                }
                            ],
                            "textNodeContent": "",
                            "componentVariableName": "",
                            "properties": [],
                            "children": []
                        },
                        {
                            "type": "div",
                            "attributes": [
                                {
                                    "name": "id",
                                    "value": "resizeBR"
                                },
                                {
                                    "name": "class",
                                    "value": "resizeBR"
                                }
                            ],
                            "textNodeContent": "",
                            "componentVariableName": "",
                            "properties": [],
                            "children": []
                        }
                    ]
                }
            ]
        }
    ],
    "doc": ""
}