{
    "type": "guiComponent",
    "name": "InputNumber",
    "attributes": [
        {
            "name": "placeholder",
            "default": "",
            "type": "string",
            "isConstructorParam": true,
            "doc": ""
        },
        {
            "name": "value",
            "default": "",
            "type": "number",
            "isConstructorParam": true,
            "doc": ""
        },
        {
            "name": "readonly",
            "default": "false",
            "type": "boolean",
            "isConstructorParam": false,
            "doc": ""
        }
    ],
    "methods": [
        {
            "name": "clear",
            "isPrivate": false,
            "param": [],
            "doc": ""
        },
        {
            "name": "onFocus",
            "isPrivate": false,
            "param": [],
            "doc": ""
        },
        {
            "name": "onChange",
            "isPrivate": false,
            "param": [
                "value"
            ],
            "doc": ""
        },
        {
            "name": "onBlur",
            "isPrivate": false,
            "param": [],
            "doc": ""
        }
    ],
    "children": [
        {
            "type": "input",
            "attributes": [
                {
                    "name": "id",
                    "value": "input"
                },
                {
                    "name": "class",
                    "value": ""
                },
                {
                    "name": "type",
                    "value": "text"
                },
                {
                    "name": "name",
                    "value": ""
                },
                {
                    "name": "value",
                    "value": "dataManager.encodeHTMLEntities(value)"
                },
                {
                    "name": "placeholder",
                    "value": "dataManager.encodeHTMLEntities(placeholder)"
                },
                {
                    "name": "autocomplete",
                    "value": "off"
                }
            ],
            "textNodeContent": "",
            "componentVariableName": "",
            "properties": [],
            "children": []
        }
    ],
    "doc": ""
}