{
    "type": "guiComponent",
    "name": "Accordion",
    "attributes": [
        {
            "name": "openOneCloseAll",
            "default": "",
            "type": "boolean",
            "isConstructorParam": true,
            "doc": "Indique si le fait d'ouvrir un élément de l'accordéon ferme automatiquement tous les autres ou non. "
        },
        {
            "name": "elements",
            "default": "",
            "type": "list",
            "isConstructorParam": false,
            "doc": "Liste des éléments de l'accordéon."
        }
    ],
    "methods": [
        {
            "name": "closeAll",
            "isPrivate": false,
            "param": [],
            "doc": "Cette méthode permet de replier tous les éléments de l'accordéon. \nElle est appelée automatiquement lorsque l'attribut openOneCloseAll vaut true."
        }
    ],
    "children": [
        {
            "type": "ul",
            "attributes": [
                {
                    "name": "id",
                    "value": ""
                },
                {
                    "name": "class",
                    "value": "accordion"
                }
            ],
            "textNodeContent": "",
            "componentVariableName": "",
            "properties": [],
            "children": []
        }
    ],
    "doc": "L'objet Accordion permet de créer une liste d'éléments pliables et dépliables. \nIl est composé d'un unique noeud de type liste non ordonnée."
}