{
    "type": "guiComponent",
    "name": "AccordionItem",
    "attributes": [
        {
            "name": "label",
            "default": "",
            "type": "string",
            "isConstructorParam": true,
            "doc": "Libellé affiché de l'élément."
        },
        {
            "name": "content",
            "default": "",
            "type": "object",
            "isConstructorParam": true,
            "doc": "Contenu du panneau dépliant. \nIl s'agit d'un noeud HTML contenu tout ce que l'on veut."
        },
        {
            "name": "contentBlock",
            "default": "",
            "type": "object",
            "isConstructorParam": false,
            "doc": "Référence vers le noeud auquel le contenu est accroché."
        },
        {
            "name": "plusIcon",
            "default": "",
            "type": "object",
            "isConstructorParam": false,
            "doc": "Icône plus.\nDéplie le panneau de contenu lorsque l'on clique dessus."
        },
        {
            "name": "minusIcon",
            "default": "",
            "type": "null",
            "isConstructorParam": false,
            "doc": "Icône moins.\nReplie le panneau de contenu lorsque l'on clique dessus."
        },
        {
            "name": "open",
            "default": "",
            "type": "boolean",
            "isConstructorParam": false,
            "doc": "Mémorise si le panneau de contenu est ouvert (true) ou fermé (false)."
        },
        {
            "name": "parent",
            "default": "",
            "type": "null",
            "isConstructorParam": false,
            "doc": "Référence vers l'objet parent (pas le noeud parent) à savoir l'objet accordéon."
        },
        {
            "name": "maxSize",
            "default": "0",
            "type": "number",
            "isConstructorParam": false,
            "doc": "Taille finale du panneau de contenu pour stopper l'animation d'ouverture. \nLa valeur est calculée automatiquement au sein de l'objet."
        },
        {
            "name": "speed",
            "default": "0",
            "type": "number",
            "isConstructorParam": false,
            "doc": "Vitesse de l'animation d'ouverture ou fermeture du panneau de contenu.\nLa valeur est calculée automatiquement au sein de l'objet."
        },
        {
            "name": "currentSize",
            "default": "0",
            "type": "number",
            "isConstructorParam": false,
            "doc": "Taille \"actuelle\" du panneau de contenu au cours de l'animation d'ouverture ou fermeture.\nLa valeur est calculée automatiquement au sein de l'objet."
        },
        {
            "name": "animationTimer",
            "default": "",
            "type": "undefined",
            "isConstructorParam": false,
            "doc": "Référence vers le timer en charge de l'animation d'ouverture ou fermeture du panneau de contenu. "
        }
    ],
    "methods": [
        {
            "name": "animation",
            "isPrivate": true,
            "param": [],
            "doc": "Cette méthode exécute les étapes d'animation de l'ouverture ou de la fermeture du panneau de contenu."
        },
        {
            "name": "close",
            "isPrivate": false,
            "param": [],
            "doc": "Déclenche l'animation de fermeture du panneau de contenu."
        },
        {
            "name": "open",
            "isPrivate": false,
            "param": [],
            "doc": "Déclenche l'animation d'ouverture du panneau de contenu."
        },
        {
            "name": "updateAnimationVariables",
            "isPrivate": true,
            "param": [],
            "doc": "Initialise les valeurs des attributs rattachés à l'animation lors du démarrage d'une animation d'ouverture ou de fermeture du panneau de contenu."
        }
    ],
    "children": [
        {
            "type": "li",
            "attributes": [
                {
                    "name": "id",
                    "value": ""
                },
                {
                    "name": "class",
                    "value": "accordionItem"
                }
            ],
            "textNodeContent": "",
            "componentVariableName": "",
            "properties": [],
            "children": [
                {
                    "type": "div",
                    "attributes": [
                        {
                            "name": "id",
                            "value": "header"
                        },
                        {
                            "name": "class",
                            "value": "accordionHeader"
                        }
                    ],
                    "textNodeContent": "",
                    "componentVariableName": "",
                    "properties": [],
                    "children": [
                        {
                            "type": "div",
                            "attributes": [
                                {
                                    "name": "id",
                                    "value": "icons"
                                },
                                {
                                    "name": "class",
                                    "value": "accordionIcons"
                                }
                            ],
                            "textNodeContent": "",
                            "componentVariableName": "",
                            "properties": [],
                            "children": []
                        },
                        {
                            "type": "div",
                            "attributes": [
                                {
                                    "name": "id",
                                    "value": "label"
                                },
                                {
                                    "name": "class",
                                    "value": "accordionLabel"
                                }
                            ],
                            "textNodeContent": "",
                            "componentVariableName": "",
                            "properties": [],
                            "children": [
                                {
                                    "type": "textNode",
                                    "attributes": [
                                        {
                                            "name": "id",
                                            "value": ""
                                        },
                                        {
                                            "name": "class",
                                            "value": ""
                                        }
                                    ],
                                    "textNodeContent": "label",
                                    "componentVariableName": "",
                                    "properties": [],
                                    "children": []
                                }
                            ]
                        }
                    ]
                },
                {
                    "type": "div",
                    "attributes": [
                        {
                            "name": "id",
                            "value": "content"
                        },
                        {
                            "name": "class",
                            "value": "accordionContent"
                        }
                    ],
                    "textNodeContent": "",
                    "componentVariableName": "",
                    "properties": [],
                    "children": []
                }
            ]
        }
    ],
    "doc": "L'objet AccordionItem est l'élément de base qu'on accroche à l'objet Accordion.\nIl s'agit d'un noeud de type list item et contient un noeud d'en-tête avec icône d'ouverture/fermeture et le libellé de l'élément et un noeud de contenu pliable et dépliable."
}