{
    "type": "basicClass",
    "name": "Canvas2D",
    "extendComponent": false,
    "attributes": [
        {
            "name": "width",
            "default": "",
            "type": "number",
            "isConstructorParam": true,
            "doc": "Largeur du canevas."
        },
        {
            "name": "height",
            "default": "",
            "type": "number",
            "isConstructorParam": true,
            "doc": "Hauteur du canevas."
        },
        {
            "name": "canvas",
            "default": "document.createElement('canvas')",
            "type": "object",
            "isConstructorParam": false,
            "doc": "Noeud HTML canvas dont hérite Canvas2D."
        },
        {
            "name": "context",
            "default": "canvas.getContext('2d')",
            "type": "object",
            "isConstructorParam": false,
            "doc": "Contexte extrait du noeud HTML canvas."
        },
        {
            "name": "objects",
            "default": "",
            "type": "list",
            "isConstructorParam": false,
            "doc": "Liste de objets 2D à afficher lors de l'appel de la méthode render."
        }
    ],
    "methods": [
        {
            "name": "render",
            "isPrivate": false,
            "param": [],
            "doc": "Exécute l'affichage de tous les objets stockés dans objectsList."
        },
        {
            "name": "greyscale",
            "isPrivate": false,
            "param": [
                "x",
                "y",
                "width",
                "height"
            ],
            "doc": "Convertit le contenu du canevas en niveaux de gris en effectuant la moyenne des 3 canaux de couleur pour chaque pixel.\nLes paramètres x, y, width et height définissent la zone où la transformation sera appliquée."
        },
        {
            "name": "brightness",
            "isPrivate": false,
            "param": [
                "x",
                "y",
                "width",
                "height",
                "brightness"
            ],
            "doc": "Modifie la luminosité du contenu du canevas. \nLes paramètres x, y, width et height définissent la zone où la transformation sera appliquée.\nLe paramètre brightness indique le niveau de luminosité. Sa valeur se situe entre -100 et 100."
        },
        {
            "name": "contrast",
            "isPrivate": false,
            "param": [
                "x",
                "y",
                "width",
                "height",
                "contrast"
            ],
            "doc": "Modifie le contraste du contenu du canevas. \nLes paramètres x, y, width et height définissent la zone où la transformation sera appliquée.\nLe paramètre contrast indique le niveau de contraste. Sa valeur se situe entre -100 et 100."
        },
        {
            "name": "convolute",
            "isPrivate": false,
            "param": [
                "x",
                "y",
                "width",
                "height",
                "matrix",
                "opaque"
            ],
            "doc": "Applique une matrice de convolution au contenu du canevas.\nLes paramètres x, y, width et height définissent la zone où la transformation sera appliquée.\nLe paramètre matrix est la matrice de convolution à appliquer.\nLa paramètre opaque ?"
        }
    ],
    "doc": "Canvas2D est une surcouche de la balise canvas du HTML5.\nElle simplifie la création d'un noeud canvas, l'enrichie de plusieurs fonctions de traitement d'image et offre la possibilité de gérer l'affichage d'une scène 2D sous forme de programmation orientée objet."
}