{
    "type": "guiComponent",
    "name": "CheckBoxList",
    "attributes": [
        {
            "name": "name",
            "default": "",
            "type": "string",
            "isConstructorParam": true,
            "doc": "Nom du lot de cases à cocher."
        },
        {
            "name": "options",
            "default": "",
            "type": "array",
            "isConstructorParam": true,
            "doc": "Liste d'options cochable. \nChaque option est un tableau associatif contenant le nom technique de l'option, son libellé à afficher et si elle est cochée par défaut ou non. "
        },
        {
            "name": "nbColumns",
            "default": "",
            "type": "number",
            "isConstructorParam": true,
            "doc": "Nombre de colonnes sur lesquelles on souhaite répartir les cases à cocher."
        },
        {
            "name": "isHTML",
            "default": "",
            "type": "boolean",
            "isConstructorParam": true,
            "doc": "Indique si l'on autorise l'usage du HTML ou non dans les libellés des options."
        },
        {
            "name": "enable",
            "default": "true",
            "type": "boolean",
            "isConstructorParam": false,
            "doc": "Indique si l'ensemble des cases a cocher est actif (true) ou non (false).\nPar défaut, cet attribut vaut true."
        },
        {
            "name": "inputCheckBoxList",
            "default": "",
            "type": "array",
            "isConstructorParam": false,
            "doc": "Stocke la liste des objets InputCheckBox affichés."
        }
    ],
    "methods": [
        {
            "name": "loadOptions",
            "isPrivate": true,
            "param": [],
            "doc": "Construit l'interface graphique avec les cases à cocher sur la base du contenu de l'attribut options."
        },
        {
            "name": "unCheckAll",
            "isPrivate": true,
            "param": [],
            "doc": "Décoche toutes les cases à cocher."
        },
        {
            "name": "onChange",
            "isPrivate": false,
            "param": [
                "value"
            ],
            "doc": "Méthode à redéfinir lorsque l'on crée un objet CheckBoxList.\nElle est appelée à chaque fois que l'on clique sur une case à cocher."
        },
        {
            "name": "getState",
            "isPrivate": false,
            "param": [],
            "doc": "Retourne sous forme de tableau associatif l'état de toutes les cases à cocher. "
        },
        {
            "name": "setState",
            "isPrivate": false,
            "param": [
                "state"
            ],
            "doc": "Affecte un état à toutes les cases à cocher en même temps.\nLe paramètre state est un tableau associatif renseignant les états qu'on veut affecter aux cases à cocher."
        }
    ],
    "children": [
        {
            "type": "ul",
            "attributes": [
                {
                    "name": "id",
                    "value": ""
                },
                {
                    "name": "class",
                    "value": "checkBoxList"
                }
            ],
            "textNodeContent": "",
            "componentVariableName": "",
            "properties": [],
            "children": []
        }
    ],
    "doc": "La CheckBoxList permet de gérer un lot de cases à cocher et de les afficher sur plusieurs colonnes si on le souhaite."
}