{
    "type": "guiComponent",
    "name": "ColorPicker",
    "attributes": [
        {
            "name": "hue",
            "default": "0",
            "type": "number",
            "isConstructorParam": false,
            "doc": "Valeur de teinte de la couleur actuellement sélectionnée."
        },
        {
            "name": "saturation",
            "default": "255",
            "type": "number",
            "isConstructorParam": false,
            "doc": "Valeur de saturation de la couleur actuellement sélectionnée."
        },
        {
            "name": "value",
            "default": "255",
            "type": "number",
            "isConstructorParam": false,
            "doc": "Valeur (niveau de luminosité) de la couleur actuellement sélectionnée."
        },
        {
            "name": "whiteRamp",
            "default": "",
            "type": "object",
            "isConstructorParam": false,
            "doc": "Rampe du dégradé blanc le long de l'axe de la saturation."
        },
        {
            "name": "blackRamp",
            "default": "",
            "type": "object",
            "isConstructorParam": false,
            "doc": "Rampe du dégradé noir le long de l'axe de la valeur."
        },
        {
            "name": "valueSaturationPickerCode",
            "default": "",
            "type": "object",
            "isConstructorParam": false,
            "doc": "Code du noeud SVG contenant le carré de sélection de la saturation et de la valeur de la couleur."
        },
        {
            "name": "valueSaturationPicker",
            "default": "new SVG(268, 268, valueSaturationPickerCode)",
            "type": "object",
            "isConstructorParam": false,
            "doc": "Noeud SVG contenant le carré de sélection de la saturation et de la valeur de la couleur."
        },
        {
            "name": "colorRect",
            "default": "valueSaturationPicker.getById('color-rect')",
            "type": "object",
            "isConstructorParam": false,
            "doc": "Référence vers le carré affichant la teinte dans la zone de sélection de la saturation et de la valeur."
        },
        {
            "name": "valueSaturationPickerG",
            "default": "valueSaturationPicker.getById('cursor')",
            "type": "object",
            "isConstructorParam": false,
            "doc": "Référence vers le curseur de la zone de sélection de la saturation et de la valeur."
        },
        {
            "name": "hueRamp",
            "default": "",
            "type": "object",
            "isConstructorParam": false,
            "doc": "Rampe de teinte de la couleur."
        },
        {
            "name": "huePickerCode",
            "default": "",
            "type": "string",
            "isConstructorParam": false,
            "doc": "Code du noeud SVG de sélection de la teinte de la couleur."
        },
        {
            "name": "huePicker",
            "default": "new SVG(36, 268, huePickerCode)",
            "type": "object",
            "isConstructorParam": false,
            "doc": "Code du noeud SVG de sélection de la teinte de la couleur."
        },
        {
            "name": "huePickerG",
            "default": "huePicker.getById('cursor')",
            "type": "object",
            "isConstructorParam": false,
            "doc": "Référence vers le curseur de sélection de la teinte. "
        },
        {
            "name": "valueSaturationDown",
            "default": "false",
            "type": "boolean",
            "isConstructorParam": false,
            "doc": "Booléen indiquant si le curseur de sélection de la valeur et de la saturation est en cours de déplacement. \nIl vaut true lorsqu'on a enfoncé un bouton de la souris sur ce curseur. Il vaut false sinon."
        },
        {
            "name": "hueDown",
            "default": "false",
            "type": "boolean",
            "isConstructorParam": false,
            "doc": "Booléen indiquant si le curseur de sélection de la teinte est en cours de déplacement. \nIl vaut true lorsqu'on a enfoncé un bouton de la souris sur ce curseur. Il vaut false sinon."
        }
    ],
    "methods": [
        {
            "name": "updateInterface",
            "isPrivate": false,
            "param": [],
            "doc": "Met à jour la position des curseurs en fonction des attributs hue, saturation et value."
        },
        {
            "name": "onChange",
            "isPrivate": false,
            "param": [
                "data"
            ],
            "doc": "Méthode à redéfinir lorsque l'on crée un objet ColorPicker.\nElle est appelée à chaque fois que l'on déplace l'un des curseurs de sélection de couleur."
        },
        {
            "name": "onChange",
            "isPrivate": true,
            "param": [
                "event"
            ],
            "doc": "Appelle la méthode publique personnalisée this.onChange."
        },
        {
            "name": "onValueSaturationChange",
            "isPrivate": true,
            "param": [
                "event"
            ],
            "doc": "Méthode appelée lorsque le curseur de sélection de la valeur et de la saturation de la couleur a été déplacé.\nElle met à jour les attributs saturation et value en fonction de la position du curseur.\nEnfin, elle appelle onChange."
        },
        {
            "name": "onHueChange",
            "isPrivate": true,
            "param": [
                "event"
            ],
            "doc": "Méthode appelée lorsque le curseur de sélection de la teinte de la couleur a été déplacé.\nElle met à jour l'attributs hue en fonction de la position du curseur.\nEnfin, elle appelle onChange."
        },
        {
            "name": "onMouseMove",
            "isPrivate": true,
            "param": [
                "event"
            ],
            "doc": "Déplace les curseurs en fonction du mouvement de la souris."
        },
        {
            "name": "onMouseUp",
            "isPrivate": true,
            "param": [
                "event"
            ],
            "doc": "Stoppe le mouvement des curseurs qui suivaient les mouvements de la souris."
        },
        {
            "name": "getRGB",
            "isPrivate": false,
            "param": [],
            "doc": "Retourne la couleur sélectionnée sous la forme rouge, vert, bleu.\nL'objet retourné est un tableau associatif contenant les propriétés r (rouge), g (vert) et b (bleu)."
        },
        {
            "name": "getHSV",
            "isPrivate": false,
            "param": [],
            "doc": "Retourne la couleur sélectionné sous la forme teinte, saturation, valeur.\nL'objet retourné est un tableau associatif contenant les propriétés h (teinte), s (saturation) et v (valeur)."
        },
        {
            "name": "getCMYK",
            "isPrivate": false,
            "param": [],
            "doc": "Pas implémenté"
        },
        {
            "name": "getHex",
            "isPrivate": false,
            "param": [],
            "doc": "Retourne la couleur sélectionnée sous forme hexadécimale. "
        },
        {
            "name": "setRGB",
            "isPrivate": false,
            "param": [
                "red",
                "green",
                "blue"
            ],
            "doc": "Sélectionne une couleur en renseignant ses valeurs de rouge ($red), vert ($green) et bleu ($blue)."
        },
        {
            "name": "setHSV",
            "isPrivate": false,
            "param": [
                "hue",
                "saturation",
                "value"
            ],
            "doc": "Sélectionne une couleur en renseignant sa teinte ($hue), sa saturation ($saturation) et sa valeur ($value)."
        },
        {
            "name": "setCMYK",
            "isPrivate": false,
            "param": [
                "cyan",
                "magenta",
                "yellow",
                "black"
            ],
            "doc": "Pas implémenté."
        },
        {
            "name": "setHex",
            "isPrivate": false,
            "param": [
                "hex"
            ],
            "doc": "Sélectionne une couleur en renseignant son code hexadécimal ($hex)."
        }
    ],
    "children": [
        {
            "type": "div",
            "attributes": [
                {
                    "name": "id",
                    "value": ""
                },
                {
                    "name": "class",
                    "value": "color-picker"
                }
            ],
            "textNodeContent": "",
            "componentVariableName": "",
            "properties": [],
            "children": [
                {
                    "type": "div",
                    "attributes": [
                        {
                            "name": "id",
                            "value": "value-saturation"
                        },
                        {
                            "name": "class",
                            "value": "value-saturation"
                        }
                    ],
                    "textNodeContent": "",
                    "componentVariableName": "",
                    "properties": [],
                    "children": []
                },
                {
                    "type": "div",
                    "attributes": [
                        {
                            "name": "id",
                            "value": "hue"
                        },
                        {
                            "name": "class",
                            "value": "hue"
                        }
                    ],
                    "textNodeContent": "",
                    "componentVariableName": "",
                    "properties": [],
                    "children": []
                }
            ]
        }
    ],
    "doc": "L'objet ColorPicker propose une interface de sélection de couleur selon le standard teinte, saturation, valeur avec des curseurs qui peuvent être déplacés à la souris."
}