{
    "type": "guiComponent",
    "name": "ColorPalette",
    "attributes": [
        {
            "name": "colorsList",
            "default": "",
            "type": "array",
            "isConstructorParam": true,
            "doc": "Liste des couleurs de la palette."
        },
        {
            "name": "selected",
            "default": "",
            "type": "null",
            "isConstructorParam": false,
            "doc": "Référence vers la couleurs sélectionnée."
        }
    ],
    "methods": [
        {
            "name": "deselectAll",
            "isPrivate": false,
            "param": [],
            "doc": "Désélectionne toutes les couleurs de la palette."
        },
        {
            "name": "buildColors",
            "isPrivate": false,
            "param": [],
            "doc": "Construit l'interface de la palette en fonction de la liste de couleurs."
        },
        {
            "name": "getValue",
            "isPrivate": false,
            "param": [],
            "doc": "Retourne la valeur de la couleur sélectionnée."
        }
    ],
    "children": [
        {
            "type": "div",
            "attributes": [
                {
                    "name": "id",
                    "value": ""
                },
                {
                    "name": "class",
                    "value": "color-palette"
                }
            ],
            "textNodeContent": "",
            "componentVariableName": "",
            "properties": [],
            "children": [
                {
                    "type": "table",
                    "attributes": [
                        {
                            "name": "id",
                            "value": "color-table"
                        },
                        {
                            "name": "class",
                            "value": ""
                        }
                    ],
                    "textNodeContent": "",
                    "componentVariableName": "",
                    "properties": [],
                    "children": []
                }
            ]
        }
    ],
    "doc": ""
}