{
    "type": "guiComponent",
    "name": "ConsoleFrame",
    "attributes": [
        {
            "name": "minWidth",
            "default": "300",
            "type": "number",
            "isConstructorParam": false,
            "doc": "Largeur minimale de la fenêtre."
        },
        {
            "name": "minHeight",
            "default": "200",
            "type": "number",
            "isConstructorParam": false,
            "doc": "Hauteur minimale de la fenêtre."
        },
        {
            "name": "width",
            "default": "500",
            "type": "number",
            "isConstructorParam": false,
            "doc": "Largeur actuelle de la fenêtre."
        },
        {
            "name": "height",
            "default": "400",
            "type": "number",
            "isConstructorParam": false,
            "doc": "Hauteur actuelle de la fenêtre."
        },
        {
            "name": "x",
            "default": "10",
            "type": "number",
            "isConstructorParam": false,
            "doc": "Position actuelle de la fenêtre sur l'axe horizontal."
        },
        {
            "name": "y",
            "default": "10",
            "type": "number",
            "isConstructorParam": false,
            "doc": "Position actuelle de la fenêtre sur l'axe vertical."
        },
        {
            "name": "closeIcon",
            "default": "Loader.getSVG('icons', 'close-icon', 20, 20)",
            "type": "object",
            "isConstructorParam": false,
            "doc": "Icône qui masque la fenêtre lorsque l'on clique dessus. \nC'est un noeud SVG. "
        },
        {
            "name": "clicked",
            "default": "false",
            "type": "boolean",
            "isConstructorParam": false,
            "doc": "Pas utilisé actuellement."
        },
        {
            "name": "moved",
            "default": "false",
            "type": "boolean",
            "isConstructorParam": false,
            "doc": "Pas utilisé actuellement."
        },
        {
            "name": "draggingAll",
            "default": "false",
            "type": "boolean",
            "isConstructorParam": false,
            "doc": "Booléen qui indique si on est en train de déplacer l'ensemble de la fenêtre."
        },
        {
            "name": "draggingLeft",
            "default": "false",
            "type": "boolean",
            "isConstructorParam": false,
            "doc": "Booléen qui indique si on est en train de déplacer le bord gauche pour redimensionner la fenêtre."
        },
        {
            "name": "draggingRight",
            "default": "false",
            "type": "boolean",
            "isConstructorParam": false,
            "doc": "Booléen qui indique si on est en train de déplacer le bord droit pour redimensionner la fenêtre."
        },
        {
            "name": "draggingTop",
            "default": "false",
            "type": "boolean",
            "isConstructorParam": false,
            "doc": "Booléen qui indique si on est en train de déplacer le bord supérieur pour redimensionner la fenêtre."
        },
        {
            "name": "draggingBottom",
            "default": "false",
            "type": "boolean",
            "isConstructorParam": false,
            "doc": "Booléen qui indique si on est en train de déplacer le bord inférieur pour redimensionner la fenêtre."
        },
        {
            "name": "draggingTL",
            "default": "false",
            "type": "boolean",
            "isConstructorParam": false,
            "doc": "Booléen qui indique si on est en train de déplacer le coin supérieur gauche pour redimensionner la fenêtre."
        },
        {
            "name": "draggingTR",
            "default": "false",
            "type": "boolean",
            "isConstructorParam": false,
            "doc": "Booléen qui indique si on est en train de déplacer le coin supérieur droit pour redimensionner la fenêtre."
        },
        {
            "name": "draggingBL",
            "default": "false",
            "type": "boolean",
            "isConstructorParam": false,
            "doc": "Booléen qui indique si on est en train de déplacer le coin inférieur gauche pour redimensionner la fenêtre."
        },
        {
            "name": "draggingBR",
            "default": "false",
            "type": "boolean",
            "isConstructorParam": false,
            "doc": "Booléen qui indique si on est en train de déplacer le coin inférieur droit pour redimensionner la fenêtre."
        },
        {
            "name": "startX",
            "default": "0",
            "type": "number",
            "isConstructorParam": false,
            "doc": "Position de départ en x de la souris lorsque l'on initie un glisser déposer."
        },
        {
            "name": "startY",
            "default": "0",
            "type": "number",
            "isConstructorParam": false,
            "doc": "Position de départ en y de la souris lorsque l'on initie un glisser déposer."
        },
        {
            "name": "offsetX",
            "default": "0",
            "type": "number",
            "isConstructorParam": false,
            "doc": "Position de départ en x de l'élément déplacé lorsque l'on initie un glisser déposer."
        },
        {
            "name": "offsetY",
            "default": "0",
            "type": "number",
            "isConstructorParam": false,
            "doc": "Position de départ en y de l'élément déplacé lorsque l'on initie un glisser déposer."
        },
        {
            "name": "previousX",
            "default": "0",
            "type": "number",
            "isConstructorParam": false,
            "doc": "Position précédente en x de la souris lors d'un déplacement. "
        },
        {
            "name": "previousY",
            "default": "0",
            "type": "number",
            "isConstructorParam": false,
            "doc": "Position précédente en y de la souris lors d'un déplacement. "
        }
    ],
    "methods": [
        {
            "name": "display",
            "isPrivate": false,
            "param": [],
            "doc": "Méthode d'affichage de la fenêtre."
        },
        {
            "name": "hide",
            "isPrivate": false,
            "param": [],
            "doc": "Méthode pour masquer la fenêtre."
        },
        {
            "name": "log",
            "isPrivate": false,
            "param": [
                "message"
            ],
            "doc": "Méthode d'affichage d'un message dans la fenêtre."
        },
        {
            "name": "onMouseDown",
            "isPrivate": true,
            "param": [
                "event",
                "component"
            ],
            "doc": "Cette méthode initialise un glisser déposer. \nElle initialise tous les attributs impliqués dans un glissé déposé.\nElle est déclenchée lorsque l'on enfonce un bouton de la souris sur un élément qui peut être déplacé."
        },
        {
            "name": "onDrag",
            "isPrivate": false,
            "param": [
                "x",
                "y"
            ],
            "doc": "Pas utilisé actuellement."
        },
        {
            "name": "onRelease",
            "isPrivate": false,
            "param": [
                "element",
                "index"
            ],
            "doc": "Pas utilisé actuellement."
        },
        {
            "name": "onMouseMove",
            "isPrivate": true,
            "param": [
                "event"
            ],
            "doc": "Gère le déplacement de l'élément attrapé par onMouseDown en fonction du mouvement de la souris.\nCette méthode est appelée lorsque le souris est déplacée dans la fenêtre du navigateur."
        },
        {
            "name": "onMouseUp",
            "isPrivate": true,
            "param": [
                "event"
            ],
            "doc": "Met fin au glisser déposer en cours.\nCette méthode est appelée lorsque l'on lâche un bouton de la souris dans la fenêtre du navigateur."
        },
        {
            "name": "onKeyUp",
            "isPrivate": false,
            "param": [
                "event"
            ],
            "doc": "Met fin au glisser déposer en cours lorsque l'on lâche la touche échappe du clavier."
        }
    ],
    "children": [
        {
            "type": "div",
            "attributes": [
                {
                    "name": "id",
                    "value": ""
                },
                {
                    "name": "class",
                    "value": "consoleFrame"
                }
            ],
            "textNodeContent": "",
            "componentVariableName": "",
            "properties": [],
            "children": [
                {
                    "type": "h4",
                    "attributes": [
                        {
                            "name": "id",
                            "value": "title"
                        },
                        {
                            "name": "class",
                            "value": ""
                        }
                    ],
                    "textNodeContent": "",
                    "componentVariableName": "",
                    "properties": [],
                    "children": [
                        {
                            "type": "textNode",
                            "attributes": [
                                {
                                    "name": "id",
                                    "value": ""
                                },
                                {
                                    "name": "class",
                                    "value": ""
                                }
                            ],
                            "textNodeContent": "' + KEYWORDS.debugConsole + '",
                            "componentVariableName": "",
                            "properties": [],
                            "children": []
                        }
                    ]
                },
                {
                    "type": "div",
                    "attributes": [
                        {
                            "name": "id",
                            "value": "content"
                        },
                        {
                            "name": "class",
                            "value": "content"
                        }
                    ],
                    "textNodeContent": "",
                    "componentVariableName": "",
                    "properties": [],
                    "children": []
                },
                {
                    "type": "div",
                    "attributes": [
                        {
                            "name": "id",
                            "value": "closeIcon"
                        },
                        {
                            "name": "class",
                            "value": "closeIcon"
                        }
                    ],
                    "textNodeContent": "",
                    "componentVariableName": "",
                    "properties": [],
                    "children": []
                },
                {
                    "type": "div",
                    "attributes": [
                        {
                            "name": "id",
                            "value": "resizeLeft"
                        },
                        {
                            "name": "class",
                            "value": "resizeLeft"
                        }
                    ],
                    "textNodeContent": "",
                    "componentVariableName": "",
                    "properties": [],
                    "children": []
                },
                {
                    "type": "div",
                    "attributes": [
                        {
                            "name": "id",
                            "value": "resizeRight"
                        },
                        {
                            "name": "class",
                            "value": "resizeRight"
                        }
                    ],
                    "textNodeContent": "",
                    "componentVariableName": "",
                    "properties": [],
                    "children": []
                },
                {
                    "type": "div",
                    "attributes": [
                        {
                            "name": "id",
                            "value": "resizeTop"
                        },
                        {
                            "name": "class",
                            "value": "resizeTop"
                        }
                    ],
                    "textNodeContent": "",
                    "componentVariableName": "",
                    "properties": [],
                    "children": []
                },
                {
                    "type": "div",
                    "attributes": [
                        {
                            "name": "id",
                            "value": "resizeBottom"
                        },
                        {
                            "name": "class",
                            "value": "resizeBottom"
                        }
                    ],
                    "textNodeContent": "",
                    "componentVariableName": "",
                    "properties": [],
                    "children": []
                },
                {
                    "type": "div",
                    "attributes": [
                        {
                            "name": "id",
                            "value": "resizeTL"
                        },
                        {
                            "name": "class",
                            "value": "resizeTL"
                        }
                    ],
                    "textNodeContent": "",
                    "componentVariableName": "",
                    "properties": [],
                    "children": []
                },
                {
                    "type": "div",
                    "attributes": [
                        {
                            "name": "id",
                            "value": "resizeTR"
                        },
                        {
                            "name": "class",
                            "value": "resizeTR"
                        }
                    ],
                    "textNodeContent": "",
                    "componentVariableName": "",
                    "properties": [],
                    "children": []
                },
                {
                    "type": "div",
                    "attributes": [
                        {
                            "name": "id",
                            "value": "resizeBL"
                        },
                        {
                            "name": "class",
                            "value": "resizeBL"
                        }
                    ],
                    "textNodeContent": "",
                    "componentVariableName": "",
                    "properties": [],
                    "children": []
                },
                {
                    "type": "div",
                    "attributes": [
                        {
                            "name": "id",
                            "value": "resizeBR"
                        },
                        {
                            "name": "class",
                            "value": "resizeBR"
                        }
                    ],
                    "textNodeContent": "",
                    "componentVariableName": "",
                    "properties": [],
                    "children": []
                }
            ]
        }
    ],
    "doc": "L'objet ConsoleFrame permet d'afficher une console de débugage. Il ne peut-être instancié qu'une seule fois."
}