{
    "type": "guiComponent",
    "name": "ContextPalette",
    "attributes": [
        {
            "name": "mouseX",
            "default": "",
            "type": "number",
            "isConstructorParam": true,
            "doc": ""
        },
        {
            "name": "mouseY",
            "default": "",
            "type": "number",
            "isConstructorParam": true,
            "doc": ""
        },
        {
            "name": "colors",
            "default": "",
            "type": "list",
            "isConstructorParam": false,
            "doc": ""
        }
    ],
    "methods": [
        {
            "name": "update",
            "isPrivate": false,
            "param": [],
            "doc": ""
        },
        {
            "name": "onCancel",
            "isPrivate": false,
            "param": [],
            "doc": ""
        },
        {
            "name": "onAction",
            "isPrivate": false,
            "param": [],
            "doc": ""
        },
        {
            "name": "onClick",
            "isPrivate": false,
            "param": [],
            "doc": ""
        },
        {
            "name": "onContextMenu",
            "isPrivate": false,
            "param": [],
            "doc": ""
        }
    ],
    "children": [
        {
            "type": "div",
            "attributes": [
                {
                    "name": "id",
                    "value": ""
                },
                {
                    "name": "class",
                    "value": "contextPanel"
                }
            ],
            "textNodeContent": "",
            "componentVariableName": "",
            "properties": [],
            "children": [
                {
                    "type": "div",
                    "attributes": [
                        {
                            "name": "id",
                            "value": "content-panel"
                        },
                        {
                            "name": "class",
                            "value": "content-panel"
                        }
                    ],
                    "textNodeContent": "",
                    "componentVariableName": "",
                    "properties": [],
                    "children": [
                        {
                            "type": "textNode",
                            "attributes": [
                                {
                                    "name": "id",
                                    "value": ""
                                },
                                {
                                    "name": "class",
                                    "value": ""
                                }
                            ],
                            "textNodeContent": "' + content + '",
                            "componentVariableName": "",
                            "properties": [],
                            "children": []
                        }
                    ]
                }
            ]
        }
    ],
    "doc": ""
}