{
    "type": "guiComponent",
    "name": "DropFilesZone",
    "attributes": [
        {
            "name": "accept",
            "default": "",
            "type": "string",
            "isConstructorParam": true,
            "doc": ""
        },
        {
            "name": "multiSelect",
            "default": "true",
            "type": "boolean",
            "isConstructorParam": false,
            "doc": ""
        },
        {
            "name": "uploadIcon",
            "default": "Loader.getSVG('icons', 'upload-icon', 300, 300)",
            "type": "object",
            "isConstructorParam": false,
            "doc": ""
        },
        {
            "name": "preview",
            "default": "",
            "type": "list",
            "isConstructorParam": false,
            "doc": ""
        }
    ],
    "methods": [
        {
            "name": "unselectAll",
            "isPrivate": false,
            "param": [],
            "doc": ""
        },
        {
            "name": "confirmDeleteOneFile",
            "isPrivate": true,
            "param": [
                "preview"
            ],
            "doc": ""
        },
        {
            "name": "removeSelectedFiles",
            "isPrivate": false,
            "param": [],
            "doc": ""
        },
        {
            "name": "onDropFiles",
            "isPrivate": true,
            "param": [
                "event"
            ],
            "doc": ""
        },
        {
            "name": "addFiles",
            "isPrivate": false,
            "param": [
                "files"
            ],
            "doc": ""
        },
        {
            "name": "createDefaultPreview",
            "isPrivate": false,
            "param": [
                "preview"
            ],
            "doc": ""
        },
        {
            "name": "createTextPreview",
            "isPrivate": false,
            "param": [
                "preview"
            ],
            "doc": ""
        },
        {
            "name": "createImagePreview",
            "isPrivate": false,
            "param": [
                "preview"
            ],
            "doc": ""
        },
        {
            "name": "createPDFpreview",
            "isPrivate": false,
            "param": [
                "preview"
            ],
            "doc": ""
        },
        {
            "name": "onAddFiles",
            "isPrivate": false,
            "param": [
                "filesList"
            ],
            "doc": ""
        },
        {
            "name": "onRemoveFiles",
            "isPrivate": false,
            "param": [
                "filesList"
            ],
            "doc": ""
        },
        {
            "name": "onSelectFiles",
            "isPrivate": false,
            "param": [
                "fileList"
            ],
            "doc": ""
        },
        {
            "name": "onSelectFiles",
            "isPrivate": true,
            "param": [],
            "doc": ""
        }
    ],
    "children": [
        {
            "type": "div",
            "attributes": [
                {
                    "name": "id",
                    "value": "dropFilesZone"
                },
                {
                    "name": "class",
                    "value": "dropFilesZone"
                }
            ],
            "textNodeContent": "",
            "componentVariableName": "",
            "properties": [],
            "children": [
                {
                    "type": "div",
                    "attributes": [
                        {
                            "name": "id",
                            "value": "background"
                        },
                        {
                            "name": "class",
                            "value": "background"
                        }
                    ],
                    "textNodeContent": "",
                    "componentVariableName": "",
                    "properties": [],
                    "children": [
                        {
                            "type": "p",
                            "attributes": [
                                {
                                    "name": "id",
                                    "value": "message"
                                },
                                {
                                    "name": "class",
                                    "value": "message"
                                }
                            ],
                            "textNodeContent": "",
                            "componentVariableName": "",
                            "properties": [],
                            "children": [
                                {
                                    "type": "textNode",
                                    "attributes": [
                                        {
                                            "name": "id",
                                            "value": ""
                                        },
                                        {
                                            "name": "class",
                                            "value": ""
                                        }
                                    ],
                                    "textNodeContent": "' + KEYWORDS.dropFilesInThisArea  + '<br />
",
                                    "componentVariableName": "",
                                    "properties": [],
                                    "children": []
                                }
                            ]
                        },
                        {
                            "type": "div",
                            "attributes": [
                                {
                                    "name": "id",
                                    "value": ""
                                },
                                {
                                    "name": "class",
                                    "value": "wall"
                                }
                            ],
                            "textNodeContent": "",
                            "componentVariableName": "",
                            "properties": [],
                            "children": []
                        }
                    ]
                },
                {
                    "type": "ul",
                    "attributes": [
                        {
                            "name": "id",
                            "value": "filesList"
                        },
                        {
                            "name": "class",
                            "value": "filesList"
                        }
                    ],
                    "textNodeContent": "",
                    "componentVariableName": "",
                    "properties": [],
                    "children": []
                }
            ]
        }
    ],
    "doc": ""
}