{
    "type": "guiComponent",
    "name": "EditCommandsBar",
    "attributes": [
        {
            "name": "editIcon",
            "default": "Loader.getSVG('icons', 'edit-icon', 17, 17)",
            "type": "null",
            "isConstructorParam": false,
            "doc": ""
        },
        {
            "name": "saveIcon",
            "default": "Loader.getSVG('icons', 'save-icon', 17, 17)",
            "type": "null",
            "isConstructorParam": false,
            "doc": ""
        },
        {
            "name": "closeIcon",
            "default": "Loader.getSVG('icons', 'close-icon', 17, 17)",
            "type": "null",
            "isConstructorParam": false,
            "doc": ""
        },
        {
            "name": "editMode",
            "default": "false",
            "type": "null",
            "isConstructorParam": false,
            "doc": ""
        },
        {
            "name": "changed",
            "default": "false",
            "type": "null",
            "isConstructorParam": false,
            "doc": ""
        }
    ],
    "methods": [
        {
            "name": "editModeOn",
            "isPrivate": true,
            "param": [],
            "doc": ""
        },
        {
            "name": "editModeOn",
            "isPrivate": false,
            "param": [],
            "doc": ""
        },
        {
            "name": "editModeOff",
            "isPrivate": true,
            "param": [],
            "doc": ""
        },
        {
            "name": "editModeOff",
            "isPrivate": false,
            "param": [],
            "doc": ""
        },
        {
            "name": "close",
            "isPrivate": false,
            "param": [],
            "doc": ""
        },
        {
            "name": "onCloseWhileNotSaved",
            "isPrivate": false,
            "param": [
                "callback"
            ],
            "doc": ""
        },
        {
            "name": "onEditModeOn",
            "isPrivate": false,
            "param": [],
            "doc": ""
        },
        {
            "name": "onEditModeOff",
            "isPrivate": false,
            "param": [],
            "doc": ""
        },
        {
            "name": "onSave",
            "isPrivate": false,
            "param": [
                "callback"
            ],
            "doc": ""
        }
    ],
    "children": [
        {
            "type": "div",
            "attributes": [
                {
                    "name": "id",
                    "value": ""
                },
                {
                    "name": "class",
                    "value": "editCommandsBar"
                }
            ],
            "textNodeContent": "",
            "componentVariableName": "",
            "properties": [],
            "children": [
                {
                    "type": "div",
                    "attributes": [
                        {
                            "name": "id",
                            "value": "viewMode"
                        },
                        {
                            "name": "class",
                            "value": "viewMode"
                        }
                    ],
                    "textNodeContent": "",
                    "componentVariableName": "",
                    "properties": [],
                    "children": [
                        {
                            "type": "span",
                            "attributes": [
                                {
                                    "name": "id",
                                    "value": "editIcon"
                                },
                                {
                                    "name": "class",
                                    "value": ""
                                }
                            ],
                            "textNodeContent": "",
                            "componentVariableName": "",
                            "properties": [],
                            "children": []
                        }
                    ]
                },
                {
                    "type": "div",
                    "attributes": [
                        {
                            "name": "id",
                            "value": "editMode"
                        },
                        {
                            "name": "class",
                            "value": "editMode"
                        }
                    ],
                    "textNodeContent": "",
                    "componentVariableName": "",
                    "properties": [],
                    "children": [
                        {
                            "type": "span",
                            "attributes": [
                                {
                                    "name": "id",
                                    "value": "saveIcon"
                                },
                                {
                                    "name": "class",
                                    "value": ""
                                }
                            ],
                            "textNodeContent": "",
                            "componentVariableName": "",
                            "properties": [],
                            "children": []
                        },
                        {
                            "type": "span",
                            "attributes": [
                                {
                                    "name": "id",
                                    "value": "closeIcon"
                                },
                                {
                                    "name": "class",
                                    "value": ""
                                }
                            ],
                            "textNodeContent": "",
                            "componentVariableName": "",
                            "properties": [],
                            "children": []
                        }
                    ]
                }
            ]
        }
    ],
    "doc": ""
}