{
    "type": "guiComponent",
    "name": "EmbedPDF",
    "attributes": [
        {
            "name": "url",
            "default": "",
            "type": "string",
            "isConstructorParam": true,
            "doc": ""
        },
        {
            "name": "width",
            "default": "",
            "type": "number",
            "isConstructorParam": true,
            "doc": ""
        },
        {
            "name": "height",
            "default": "",
            "type": "number",
            "isConstructorParam": true,
            "doc": ""
        }
    ],
    "methods": [],
    "children": [
        {
            "type": "div",
            "attributes": [
                {
                    "name": "id",
                    "value": ""
                },
                {
                    "name": "class",
                    "value": "embedPDF"
                }
            ],
            "textNodeContent": "",
            "componentVariableName": "",
            "properties": [],
            "children": [
                {
                    "type": "object",
                    "attributes": [
                        {
                            "name": "id",
                            "value": ""
                        },
                        {
                            "name": "class",
                            "value": ""
                        },
                        {
                            "name": "data",
                            "value": "' + url + '"
                        },
                        {
                            "name": "type",
                            "value": "application/pdf"
                        },
                        {
                            "name": "width",
                            "value": "' + width + '"
                        },
                        {
                            "name": "height",
                            "value": "' + height + '"
                        }
                    ],
                    "textNodeContent": "",
                    "componentVariableName": "",
                    "properties": [],
                    "children": [
                        {
                            "type": "embed",
                            "attributes": [
                                {
                                    "name": "id",
                                    "value": ""
                                },
                                {
                                    "name": "class",
                                    "value": ""
                                },
                                {
                                    "name": "src",
                                    "value": "' + url + '"
                                },
                                {
                                    "name": "type",
                                    "value": "application/pdf"
                                }
                            ],
                            "textNodeContent": "",
                            "componentVariableName": "",
                            "properties": [],
                            "children": [
                                {
                                    "type": "p",
                                    "attributes": [
                                        {
                                            "name": "id",
                                            "value": ""
                                        },
                                        {
                                            "name": "class",
                                            "value": ""
                                        }
                                    ],
                                    "textNodeContent": "",
                                    "componentVariableName": "",
                                    "properties": [],
                                    "children": [
                                        {
                                            "type": "textNode",
                                            "attributes": [
                                                {
                                                    "name": "id",
                                                    "value": ""
                                                },
                                                {
                                                    "name": "class",
                                                    "value": ""
                                                }
                                            ],
                                            "textNodeContent": "No PDF support.",
                                            "componentVariableName": "",
                                            "properties": [],
                                            "children": []
                                        }
                                    ]
                                }
                            ]
                        }
                    ]
                }
            ]
        }
    ],
    "doc": ""
}