{
    "type": "guiComponent",
    "name": "FilePreview",
    "attributes": [
        {
            "name": "fileName",
            "default": "",
            "type": "string",
            "isConstructorParam": true,
            "doc": ""
        },
        {
            "name": "fileType",
            "default": "",
            "type": "string",
            "isConstructorParam": true,
            "doc": ""
        },
        {
            "name": "fileData",
            "default": "",
            "type": "string",
            "isConstructorParam": true,
            "doc": ""
        },
        {
            "name": "selected",
            "default": "",
            "type": "boolean",
            "isConstructorParam": false,
            "doc": ""
        },
        {
            "name": "preview",
            "default": "document.createElement('img')",
            "type": "object",
            "isConstructorParam": false,
            "doc": ""
        },
        {
            "name": "displayIcon",
            "default": "Loader.getSVG('icons', 'magnifying-glass-icon', 25, 25)",
            "type": "object",
            "isConstructorParam": false,
            "doc": ""
        },
        {
            "name": "deleteIcon",
            "default": "Loader.getSVG('icons', 'black-close-icon', 25, 25)",
            "type": "object",
            "isConstructorParam": false,
            "doc": ""
        }
    ],
    "methods": [
        {
            "name": "createDefaultPreview",
            "isPrivate": false,
            "param": [
                "preview"
            ],
            "doc": ""
        },
        {
            "name": "createTextPreview",
            "isPrivate": false,
            "param": [
                "preview"
            ],
            "doc": ""
        },
        {
            "name": "createImagePreview",
            "isPrivate": false,
            "param": [
                "preview"
            ],
            "doc": ""
        },
        {
            "name": "createPDFpreview",
            "isPrivate": false,
            "param": [
                "preview"
            ],
            "doc": ""
        },
        {
            "name": "updatePreview",
            "isPrivate": false,
            "param": [],
            "doc": ""
        },
        {
            "name": "select",
            "isPrivate": false,
            "param": [],
            "doc": ""
        },
        {
            "name": "unselect",
            "isPrivate": false,
            "param": [],
            "doc": ""
        },
        {
            "name": "onSelect",
            "isPrivate": false,
            "param": [
                "preview"
            ],
            "doc": ""
        },
        {
            "name": "onUnselect",
            "isPrivate": false,
            "param": [
                "preview"
            ],
            "doc": ""
        },
        {
            "name": "onDelete",
            "isPrivate": false,
            "param": [
                "preview"
            ],
            "doc": ""
        }
    ],
    "children": [],
    "doc": ""
}