{
    "type": "guiComponent",
    "name": "ImagePopup",
    "attributes": [
        {
            "name": "url",
            "default": "",
            "type": "string",
            "isConstructorParam": true,
            "doc": ""
        },
        {
            "name": "title",
            "default": "",
            "type": "string",
            "isConstructorParam": true,
            "doc": ""
        },
        {
            "name": "zoom",
            "default": "false",
            "type": "boolean",
            "isConstructorParam": false,
            "doc": ""
        },
        {
            "name": "closeIcon",
            "default": "Loader.getSVG('icons', 'close-icon', 20, 20)",
            "type": "object",
            "isConstructorParam": false,
            "doc": ""
        },
        {
            "name": "innerMouseDown",
            "default": "false",
            "type": "boolean",
            "isConstructorParam": false,
            "doc": ""
        }
    ],
    "methods": [
        {
            "name": "onHide",
            "isPrivate": false,
            "param": [],
            "doc": ""
        },
        {
            "name": "hide",
            "isPrivate": false,
            "param": [],
            "doc": ""
        },
        {
            "name": "close",
            "isPrivate": false,
            "param": [],
            "doc": ""
        },
        {
            "name": "onLoad",
            "isPrivate": false,
            "param": [],
            "doc": ""
        },
        {
            "name": "onInnerClick",
            "isPrivate": false,
            "param": [],
            "doc": ""
        }
    ],
    "children": [
        {
            "type": "div",
            "attributes": [
                {
                    "name": "id",
                    "value": ""
                },
                {
                    "name": "class",
                    "value": "imagePopup"
                }
            ],
            "textNodeContent": "",
            "componentVariableName": "",
            "properties": [],
            "children": [
                {
                    "type": "img",
                    "attributes": [
                        {
                            "name": "id",
                            "value": "img"
                        },
                        {
                            "name": "class",
                            "value": "img"
                        },
                        {
                            "name": "src",
                            "value": "' + url + '"
                        },
                        {
                            "name": "title",
                            "value": "' + title + '"
                        },
                        {
                            "name": "alt",
                            "value": "' + title + '"
                        }
                    ],
                    "textNodeContent": "",
                    "componentVariableName": "",
                    "properties": [],
                    "children": []
                },
                {
                    "type": "div",
                    "attributes": [
                        {
                            "name": "id",
                            "value": "closeIcon"
                        },
                        {
                            "name": "class",
                            "value": "close"
                        }
                    ],
                    "textNodeContent": "",
                    "componentVariableName": "",
                    "properties": [],
                    "children": []
                },
                {
                    "type": "div",
                    "attributes": [
                        {
                            "name": "id",
                            "value": ""
                        },
                        {
                            "name": "class",
                            "value": "wall"
                        }
                    ],
                    "textNodeContent": "",
                    "componentVariableName": "",
                    "properties": [],
                    "children": []
                }
            ]
        }
    ],
    "doc": ""
}