{
    "type": "guiComponent",
    "name": "ImagesManager",
    "attributes": [
        {
            "name": "addNewButton",
            "default": "new InputFile('image/*', '', '', 'imgFile-' + popup.getId())",
            "type": "object",
            "isConstructorParam": false,
            "doc": ""
        },
        {
            "name": "newIcon",
            "default": "Loader.getSVG('icons', 'plus-icon', 30, 30)",
            "type": "object",
            "isConstructorParam": false,
            "doc": ""
        },
        {
            "name": "editButton",
            "default": "new InputFile('image/*', '', '', 'imgFile-' + popup.getId())",
            "type": "object",
            "isConstructorParam": false,
            "doc": ""
        },
        {
            "name": "editIcon",
            "default": "Loader.getSVG('icons', 'edit-icon', 30, 30)",
            "type": "object",
            "isConstructorParam": false,
            "doc": ""
        },
        {
            "name": "deleteIcon",
            "default": "Loader.getSVG('icons', 'trash-icon', 30, 30)",
            "type": "object",
            "isConstructorParam": false,
            "doc": ""
        },
        {
            "name": "getImagesListRequest",
            "default": "{ url: '', method: 'GET', param: [], data: [], response: {id: 'id', url: 'url'} }",
            "type": "object",
            "isConstructorParam": false,
            "doc": ""
        },
        {
            "name": "uploadImageRequest",
            "default": "{ url: '', method: 'POST', param: [], data: [], response: {id: 'id', url: 'url'} }",
            "type": "object",
            "isConstructorParam": false,
            "doc": ""
        },
        {
            "name": "editImageRequest",
            "default": "{ url: '', method: 'POST', param: [], data: [], response: {id: 'id', url: 'url'} }",
            "type": "object",
            "isConstructorParam": false,
            "doc": ""
        },
        {
            "name": "deleteImageRequest",
            "default": "{ url: '', method: 'POST', param: [], data: [], response: {id: 'id', url: 'url'} }",
            "type": "object",
            "isConstructorParam": false,
            "doc": ""
        },
        {
            "name": "params",
            "default": "",
            "type": "object",
            "isConstructorParam": false,
            "doc": ""
        },
        {
            "name": "imagesList",
            "default": "",
            "type": "array",
            "isConstructorParam": false,
            "doc": ""
        },
        {
            "name": "selected",
            "default": "",
            "type": "null",
            "isConstructorParam": false,
            "doc": ""
        },
        {
            "name": "imagesToUpload",
            "default": "",
            "type": "array",
            "isConstructorParam": false,
            "doc": ""
        },
        {
            "name": "imagesUploaded",
            "default": "0",
            "type": "number",
            "isConstructorParam": false,
            "doc": ""
        },
        {
            "name": "uploadedUrls",
            "default": "",
            "type": "array",
            "isConstructorParam": false,
            "doc": ""
        }
    ],
    "methods": [
        {
            "name": "displayFreezeScreen",
            "isPrivate": true,
            "param": [],
            "doc": ""
        },
        {
            "name": "hideFreezeScreen",
            "isPrivate": true,
            "param": [],
            "doc": ""
        },
        {
            "name": "addImage",
            "isPrivate": true,
            "param": [
                "id",
                "url"
            ],
            "doc": ""
        },
        {
            "name": "sendRequest",
            "isPrivate": true,
            "param": [
                "requestInfo",
                "callback",
                "data"
            ],
            "doc": ""
        },
        {
            "name": "getImagesList",
            "isPrivate": false,
            "param": [],
            "doc": ""
        },
        {
            "name": "onImagesUpload",
            "isPrivate": false,
            "param": [
                "urls"
            ],
            "doc": ""
        },
        {
            "name": "onImageUpload",
            "isPrivate": false,
            "param": [],
            "doc": ""
        },
        {
            "name": "uploadImages",
            "isPrivate": false,
            "param": [
                "imagesData"
            ],
            "doc": ""
        },
        {
            "name": "editImage",
            "isPrivate": false,
            "param": [
                "id",
                "imgData"
            ],
            "doc": ""
        },
        {
            "name": "deleteImage",
            "isPrivate": false,
            "param": [
                "id"
            ],
            "doc": ""
        },
        {
            "name": "deselectAll",
            "isPrivate": false,
            "param": [],
            "doc": ""
        },
        {
            "name": "select",
            "isPrivate": false,
            "param": [
                "item"
            ],
            "doc": ""
        },
        {
            "name": "onError",
            "isPrivate": false,
            "param": [
                "status",
                "response"
            ],
            "doc": ""
        },
        {
            "name": "onDropFiles",
            "isPrivate": false,
            "param": [
                "event"
            ],
            "doc": ""
        },
        {
            "name": "getSelectedUrl",
            "isPrivate": false,
            "param": [],
            "doc": ""
        }
    ],
    "children": [
        {
            "type": "h2",
            "attributes": [
                {
                    "name": "id",
                    "value": ""
                },
                {
                    "name": "class",
                    "value": ""
                }
            ],
            "textNodeContent": "",
            "componentVariableName": "",
            "properties": [],
            "children": [
                {
                    "type": "textNode",
                    "attributes": [
                        {
                            "name": "id",
                            "value": ""
                        },
                        {
                            "name": "class",
                            "value": ""
                        }
                    ],
                    "textNodeContent": "' + KEYWORDS.imagesLibrary + '",
                    "componentVariableName": "",
                    "properties": [],
                    "children": []
                }
            ]
        },
        {
            "type": "div",
            "attributes": [
                {
                    "name": "id",
                    "value": "images-list-block"
                },
                {
                    "name": "class",
                    "value": "images-list-block"
                }
            ],
            "textNodeContent": "",
            "componentVariableName": "",
            "properties": [],
            "children": [
                {
                    "type": "ul",
                    "attributes": [
                        {
                            "name": "id",
                            "value": "images-list"
                        },
                        {
                            "name": "class",
                            "value": "images-list"
                        }
                    ],
                    "textNodeContent": "",
                    "componentVariableName": "",
                    "properties": [],
                    "children": []
                }
            ]
        },
        {
            "type": "div",
            "attributes": [
                {
                    "name": "id",
                    "value": "manageButtons"
                },
                {
                    "name": "class",
                    "value": "manageButtons"
                }
            ],
            "textNodeContent": "",
            "componentVariableName": "",
            "properties": [],
            "children": []
        }
    ],
    "doc": ""
}