{
    "type": "guiComponent",
    "name": "InfoPopup",
    "attributes": [
        {
            "name": "content",
            "default": "",
            "type": "string",
            "isConstructorParam": true,
            "doc": ""
        }
    ],
    "methods": [
        {
            "name": "onClose",
            "isPrivate": false,
            "param": [],
            "doc": ""
        },
        {
            "name": "onHide",
            "isPrivate": false,
            "param": [],
            "doc": ""
        }
    ],
    "children": [
        {
            "type": "div",
            "attributes": [
                {
                    "name": "id",
                    "value": ""
                },
                {
                    "name": "class",
                    "value": "infoBlock"
                }
            ],
            "textNodeContent": "",
            "componentVariableName": "",
            "properties": [],
            "children": [
                {
                    "type": "div",
                    "attributes": [
                        {
                            "name": "id",
                            "value": "infoContent"
                        },
                        {
                            "name": "class",
                            "value": "infoContent"
                        }
                    ],
                    "textNodeContent": "",
                    "componentVariableName": "",
                    "properties": [],
                    "children": [
                        {
                            "type": "textNode",
                            "attributes": [
                                {
                                    "name": "id",
                                    "value": ""
                                },
                                {
                                    "name": "class",
                                    "value": ""
                                }
                            ],
                            "textNodeContent": "' + content + '",
                            "componentVariableName": "",
                            "properties": [],
                            "children": []
                        }
                    ]
                },
                {
                    "type": "div",
                    "attributes": [
                        {
                            "name": "id",
                            "value": "infoButtons"
                        },
                        {
                            "name": "class",
                            "value": "infoButtons"
                        }
                    ],
                    "textNodeContent": "",
                    "componentVariableName": "",
                    "properties": [],
                    "children": [
                        {
                            "type": "input",
                            "attributes": [
                                {
                                    "name": "id",
                                    "value": "close"
                                },
                                {
                                    "name": "class",
                                    "value": ""
                                },
                                {
                                    "name": "type",
                                    "value": "button"
                                },
                                {
                                    "name": "value",
                                    "value": "' + KEYWORDS.close + '"
                                }
                            ],
                            "textNodeContent": "",
                            "componentVariableName": "",
                            "properties": [],
                            "children": []
                        }
                    ]
                }
            ]
        }
    ],
    "doc": ""
}