{
    "type": "guiComponent",
    "name": "InputSearch",
    "attributes": [
        {
            "name": "type",
            "default": "",
            "type": "string",
            "isConstructorParam": true,
            "doc": ""
        },
        {
            "name": "placeholder",
            "default": "",
            "type": "string",
            "isConstructorParam": true,
            "doc": ""
        },
        {
            "name": "searchDate",
            "default": "",
            "type": "date",
            "isConstructorParam": false,
            "doc": ""
        },
        {
            "name": "freeze",
            "default": "false",
            "type": "boolean",
            "isConstructorParam": false,
            "doc": ""
        },
        {
            "name": "freezeOnDown",
            "default": "false",
            "type": "boolean",
            "isConstructorParam": false,
            "doc": ""
        }
    ],
    "methods": [
        {
            "name": "update",
            "isPrivate": true,
            "param": [],
            "doc": ""
        },
        {
            "name": "onSearch",
            "isPrivate": false,
            "param": [
                "value"
            ],
            "doc": ""
        },
        {
            "name": "onEmpty",
            "isPrivate": false,
            "param": [],
            "doc": ""
        }
    ],
    "children": [
        {
            "type": "div",
            "attributes": [
                {
                    "name": "id",
                    "value": "search"
                },
                {
                    "name": "class",
                    "value": "search"
                }
            ],
            "textNodeContent": "",
            "componentVariableName": "",
            "properties": [],
            "children": [
                {
                    "type": "div",
                    "attributes": [
                        {
                            "name": "id",
                            "value": ""
                        },
                        {
                            "name": "class",
                            "value": "searchInner"
                        }
                    ],
                    "textNodeContent": "",
                    "componentVariableName": "",
                    "properties": [],
                    "children": [
                        {
                            "type": "span",
                            "attributes": [
                                {
                                    "name": "id",
                                    "value": "searchIcon"
                                },
                                {
                                    "name": "class",
                                    "value": "searchIcon"
                                }
                            ],
                            "textNodeContent": "",
                            "componentVariableName": "",
                            "properties": [],
                            "children": [
                                {
                                    "type": "div",
                                    "attributes": [
                                        {
                                            "name": "id",
                                            "value": ""
                                        },
                                        {
                                            "name": "class",
                                            "value": "wall"
                                        }
                                    ],
                                    "textNodeContent": "",
                                    "componentVariableName": "",
                                    "properties": [],
                                    "children": []
                                }
                            ]
                        },
                        {
                            "type": "span",
                            "attributes": [
                                {
                                    "name": "id",
                                    "value": "emptyIcon"
                                },
                                {
                                    "name": "class",
                                    "value": "emptyIcon"
                                },
                                {
                                    "name": "style",
                                    "value": "display: none;"
                                }
                            ],
                            "textNodeContent": "",
                            "componentVariableName": "",
                            "properties": [],
                            "children": [
                                {
                                    "type": "div",
                                    "attributes": [
                                        {
                                            "name": "id",
                                            "value": ""
                                        },
                                        {
                                            "name": "class",
                                            "value": "wall"
                                        }
                                    ],
                                    "textNodeContent": "",
                                    "componentVariableName": "",
                                    "properties": [],
                                    "children": []
                                }
                            ]
                        },
                        {
                            "type": "input",
                            "attributes": [
                                {
                                    "name": "id",
                                    "value": "input"
                                },
                                {
                                    "name": "class",
                                    "value": ""
                                },
                                {
                                    "name": "type",
                                    "value": "type"
                                },
                                {
                                    "name": "name",
                                    "value": ""
                                },
                                {
                                    "name": "value",
                                    "value": ""
                                },
                                {
                                    "name": "autocomplete",
                                    "value": "off"
                                }
                            ],
                            "textNodeContent": "",
                            "componentVariableName": "",
                            "properties": [],
                            "children": []
                        },
                        {
                            "type": "div",
                            "attributes": [
                                {
                                    "name": "id",
                                    "value": ""
                                },
                                {
                                    "name": "class",
                                    "value": "wall"
                                }
                            ],
                            "textNodeContent": "",
                            "componentVariableName": "",
                            "properties": [],
                            "children": []
                        }
                    ]
                }
            ]
        }
    ],
    "doc": ""
}