{
    "type": "guiComponent",
    "name": "KanbanColumn",
    "attributes": [
        {
            "name": "isColumn",
            "default": "true",
            "type": "boolean",
            "isConstructorParam": false,
            "doc": ""
        },
        {
            "name": "label",
            "default": "",
            "type": "string",
            "isConstructorParam": true,
            "doc": ""
        },
        {
            "name": "sorted",
            "default": "",
            "type": "boolean",
            "isConstructorParam": true,
            "doc": ""
        },
        {
            "name": "editMode",
            "default": "false",
            "type": "boolean",
            "isConstructorParam": false,
            "doc": ""
        },
        {
            "name": "cards",
            "default": "",
            "type": "list",
            "isConstructorParam": false,
            "doc": ""
        },
        {
            "name": "closeLabelIcon",
            "default": "Loader.getSVG('icons', 'black-close-icon', 16, 16)",
            "type": "object",
            "isConstructorParam": false,
            "doc": ""
        },
        {
            "name": "addIcon",
            "default": "Loader.getSVG('icons', 'plus-icon', 20, 20)",
            "type": "object",
            "isConstructorParam": false,
            "doc": ""
        },
        {
            "name": "closeIcon",
            "default": "Loader.getSVG('icons', 'black-close-icon', 24, 24)",
            "type": "object",
            "isConstructorParam": false,
            "doc": ""
        },
        {
            "name": "parent",
            "default": "",
            "type": "null",
            "isConstructorParam": false,
            "doc": ""
        },
        {
            "name": "clicked",
            "default": "false",
            "type": "boolean",
            "isConstructorParam": false,
            "doc": ""
        },
        {
            "name": "moved",
            "default": "false",
            "type": "boolean",
            "isConstructorParam": false,
            "doc": ""
        },
        {
            "name": "dragging",
            "default": "false",
            "type": "boolean",
            "isConstructorParam": false,
            "doc": ""
        },
        {
            "name": "startX",
            "default": "0",
            "type": "number",
            "isConstructorParam": false,
            "doc": ""
        },
        {
            "name": "startY",
            "default": "0",
            "type": "number",
            "isConstructorParam": false,
            "doc": ""
        },
        {
            "name": "offsetX",
            "default": "0",
            "type": "number",
            "isConstructorParam": false,
            "doc": ""
        },
        {
            "name": "offsetY",
            "default": "0",
            "type": "number",
            "isConstructorParam": false,
            "doc": ""
        },
        {
            "name": "lastMoveDate",
            "default": "",
            "type": "date",
            "isConstructorParam": false,
            "doc": ""
        },
        {
            "name": "ghost",
            "default": "",
            "type": "null",
            "isConstructorParam": false,
            "doc": ""
        },
        {
            "name": "virtualItem",
            "default": "",
            "type": "null",
            "isConstructorParam": false,
            "doc": ""
        },
        {
            "name": "parentNode",
            "default": "",
            "type": "null",
            "isConstructorParam": false,
            "doc": ""
        },
        {
            "name": "offsetIndex",
            "default": "0",
            "type": "number",
            "isConstructorParam": false,
            "doc": ""
        },
        {
            "name": "currentIndex",
            "default": "0",
            "type": "number",
            "isConstructorParam": false,
            "doc": ""
        }
    ],
    "methods": [
        {
            "name": "empty",
            "isPrivate": false,
            "param": [],
            "doc": ""
        },
        {
            "name": "resize",
            "isPrivate": true,
            "param": [],
            "doc": ""
        },
        {
            "name": "autoResize",
            "isPrivate": false,
            "param": [],
            "doc": ""
        },
        {
            "name": "onCloseAddForm",
            "isPrivate": true,
            "param": [
                "emitter"
            ],
            "doc": ""
        },
        {
            "name": "createCard",
            "isPrivate": false,
            "param": [
                "label"
            ],
            "doc": ""
        },
        {
            "name": "sortCards",
            "isPrivate": false,
            "param": [],
            "doc": ""
        },
        {
            "name": "onChange",
            "isPrivate": false,
            "param": [
                "data"
            ],
            "doc": ""
        },
        {
            "name": "onChange",
            "isPrivate": true,
            "param": [
                "data"
            ],
            "doc": ""
        },
        {
            "name": "onDrag",
            "isPrivate": false,
            "param": [
                "x",
                "y"
            ],
            "doc": ""
        },
        {
            "name": "onRelease",
            "isPrivate": false,
            "param": [
                "column",
                "index"
            ],
            "doc": ""
        },
        {
            "name": "onMouseMove",
            "isPrivate": true,
            "param": [
                "event"
            ],
            "doc": ""
        },
        {
            "name": "mouseMove",
            "isPrivate": false,
            "param": [],
            "doc": ""
        },
        {
            "name": "onMouseUp",
            "isPrivate": true,
            "param": [
                "event"
            ],
            "doc": ""
        },
        {
            "name": "mouseUp",
            "isPrivate": false,
            "param": [],
            "doc": ""
        },
        {
            "name": "onKeyUp",
            "isPrivate": false,
            "param": [
                "event"
            ],
            "doc": ""
        },
        {
            "name": "onResize",
            "isPrivate": false,
            "param": [],
            "doc": ""
        },
        {
            "name": "getOverLayer",
            "isPrivate": false,
            "param": [
                "x",
                "y",
                "movingElement"
            ],
            "doc": ""
        },
        {
            "name": "index",
            "isPrivate": false,
            "param": [],
            "doc": ""
        },
        {
            "name": "isLast",
            "isPrivate": false,
            "param": [],
            "doc": ""
        }
    ],
    "children": [
        {
            "type": "div",
            "attributes": [
                {
                    "name": "id",
                    "value": ""
                },
                {
                    "name": "class",
                    "value": "kanbanColumn"
                },
                {
                    "name": "column",
                    "value": "column"
                }
            ],
            "textNodeContent": "",
            "componentVariableName": "",
            "properties": [],
            "children": [
                {
                    "type": "div",
                    "attributes": [
                        {
                            "name": "id",
                            "value": "innerColumn"
                        },
                        {
                            "name": "class",
                            "value": "innerColumn"
                        }
                    ],
                    "textNodeContent": "",
                    "componentVariableName": "",
                    "properties": [],
                    "children": [
                        {
                            "type": "h3",
                            "attributes": [
                                {
                                    "name": "id",
                                    "value": "label"
                                },
                                {
                                    "name": "class",
                                    "value": "label"
                                }
                            ],
                            "textNodeContent": "",
                            "componentVariableName": "",
                            "properties": [],
                            "children": [
                                {
                                    "type": "textNode",
                                    "attributes": [
                                        {
                                            "name": "id",
                                            "value": ""
                                        },
                                        {
                                            "name": "class",
                                            "value": ""
                                        }
                                    ],
                                    "textNodeContent": "label",
                                    "componentVariableName": "",
                                    "properties": [],
                                    "children": []
                                }
                            ]
                        },
                        {
                            "type": "div",
                            "attributes": [
                                {
                                    "name": "id",
                                    "value": "editLabelBlock"
                                },
                                {
                                    "name": "class",
                                    "value": "editLabelBlock"
                                }
                            ],
                            "textNodeContent": "",
                            "componentVariableName": "",
                            "properties": [],
                            "children": [
                                {
                                    "type": "input",
                                    "attributes": [
                                        {
                                            "name": "id",
                                            "value": "editLabelInput"
                                        },
                                        {
                                            "name": "class",
                                            "value": ""
                                        },
                                        {
                                            "name": "type",
                                            "value": "text"
                                        },
                                        {
                                            "name": "name",
                                            "value": ""
                                        },
                                        {
                                            "name": "value",
                                            "value": "label"
                                        },
                                        {
                                            "name": "placeholder",
                                            "value": ""
                                        }
                                    ],
                                    "textNodeContent": "",
                                    "componentVariableName": "",
                                    "properties": [],
                                    "children": []
                                },
                                {
                                    "type": "span",
                                    "attributes": [
                                        {
                                            "name": "id",
                                            "value": "closeLabelIcon"
                                        },
                                        {
                                            "name": "class",
                                            "value": "closeLabelIcon"
                                        }
                                    ],
                                    "textNodeContent": "",
                                    "componentVariableName": "",
                                    "properties": [],
                                    "children": []
                                }
                            ]
                        },
                        {
                            "type": "div",
                            "attributes": [
                                {
                                    "name": "id",
                                    "value": "list-canvas"
                                },
                                {
                                    "name": "class",
                                    "value": "list"
                                }
                            ],
                            "textNodeContent": "",
                            "componentVariableName": "",
                            "properties": [],
                            "children": [
                                {
                                    "type": "ul",
                                    "attributes": [
                                        {
                                            "name": "id",
                                            "value": "list"
                                        },
                                        {
                                            "name": "class",
                                            "value": ""
                                        }
                                    ],
                                    "textNodeContent": "",
                                    "componentVariableName": "",
                                    "properties": [],
                                    "children": []
                                }
                            ]
                        },
                        {
                            "type": "div",
                            "attributes": [
                                {
                                    "name": "id",
                                    "value": "addBlock"
                                },
                                {
                                    "name": "class",
                                    "value": "addBlock"
                                }
                            ],
                            "textNodeContent": "",
                            "componentVariableName": "",
                            "properties": [],
                            "children": [
                                {
                                    "type": "div",
                                    "attributes": [
                                        {
                                            "name": "id",
                                            "value": "buttons"
                                        },
                                        {
                                            "name": "class",
                                            "value": "buttons"
                                        }
                                    ],
                                    "textNodeContent": "",
                                    "componentVariableName": "",
                                    "properties": [],
                                    "children": [
                                        {
                                            "type": "a",
                                            "attributes": [
                                                {
                                                    "name": "id",
                                                    "value": "addCardButton"
                                                },
                                                {
                                                    "name": "class",
                                                    "value": ""
                                                },
                                                {
                                                    "name": "href",
                                                    "value": ""
                                                },
                                                {
                                                    "name": "title",
                                                    "value": ""
                                                }
                                            ],
                                            "textNodeContent": "",
                                            "componentVariableName": "",
                                            "properties": [],
                                            "children": [
                                                {
                                                    "type": "span",
                                                    "attributes": [
                                                        {
                                                            "name": "id",
                                                            "value": "addIcon"
                                                        },
                                                        {
                                                            "name": "class",
                                                            "value": ""
                                                        }
                                                    ],
                                                    "textNodeContent": "",
                                                    "componentVariableName": "",
                                                    "properties": [],
                                                    "children": []
                                                },
                                                {
                                                    "type": "textNode",
                                                    "attributes": [
                                                        {
                                                            "name": "id",
                                                            "value": ""
                                                        },
                                                        {
                                                            "name": "class",
                                                            "value": ""
                                                        }
                                                    ],
                                                    "textNodeContent": "KEYWORDS.addCard",
                                                    "componentVariableName": "",
                                                    "properties": [],
                                                    "children": []
                                                }
                                            ]
                                        }
                                    ]
                                },
                                {
                                    "type": "div",
                                    "attributes": [
                                        {
                                            "name": "id",
                                            "value": "addForm"
                                        },
                                        {
                                            "name": "class",
                                            "value": "addForm"
                                        }
                                    ],
                                    "textNodeContent": "",
                                    "componentVariableName": "",
                                    "properties": [],
                                    "children": [
                                        {
                                            "type": "div",
                                            "attributes": [
                                                {
                                                    "name": "id",
                                                    "value": ""
                                                },
                                                {
                                                    "name": "class",
                                                    "value": "labelRow"
                                                }
                                            ],
                                            "textNodeContent": "",
                                            "componentVariableName": "",
                                            "properties": [],
                                            "children": [
                                                {
                                                    "type": "textarea",
                                                    "attributes": [
                                                        {
                                                            "name": "id",
                                                            "value": "labelField"
                                                        },
                                                        {
                                                            "name": "class",
                                                            "value": "labelField"
                                                        },
                                                        {
                                                            "name": "placeholder",
                                                            "value": "KEYWORDS.cardTitle"
                                                        }
                                                    ],
                                                    "textNodeContent": "",
                                                    "componentVariableName": "",
                                                    "properties": [],
                                                    "children": []
                                                }
                                            ]
                                        },
                                        {
                                            "type": "div",
                                            "attributes": [
                                                {
                                                    "name": "id",
                                                    "value": ""
                                                },
                                                {
                                                    "name": "class",
                                                    "value": "buttonRow"
                                                }
                                            ],
                                            "textNodeContent": "",
                                            "componentVariableName": "",
                                            "properties": [],
                                            "children": [
                                                {
                                                    "type": "input",
                                                    "attributes": [
                                                        {
                                                            "name": "id",
                                                            "value": "confirmAddButton"
                                                        },
                                                        {
                                                            "name": "class",
                                                            "value": "confirmAddButton"
                                                        },
                                                        {
                                                            "name": "type",
                                                            "value": "button"
                                                        },
                                                        {
                                                            "name": "name",
                                                            "value": ""
                                                        },
                                                        {
                                                            "name": "value",
                                                            "value": "KEYWORDS.addTheCard"
                                                        },
                                                        {
                                                            "name": "placeholder",
                                                            "value": ""
                                                        }
                                                    ],
                                                    "textNodeContent": "",
                                                    "componentVariableName": "",
                                                    "properties": [],
                                                    "children": []
                                                },
                                                {
                                                    "type": "span",
                                                    "attributes": [
                                                        {
                                                            "name": "id",
                                                            "value": "closeButton"
                                                        },
                                                        {
                                                            "name": "class",
                                                            "value": "closeButton"
                                                        }
                                                    ],
                                                    "textNodeContent": "",
                                                    "componentVariableName": "",
                                                    "properties": [],
                                                    "children": []
                                                }
                                            ]
                                        }
                                    ]
                                }
                            ]
                        }
                    ]
                }
            ]
        }
    ],
    "doc": ""
}