{
    "type": "guiComponent",
    "name": "Kanban",
    "attributes": [
        {
            "name": "isKanban",
            "default": "true",
            "type": "boolean",
            "isConstructorParam": false,
            "doc": ""
        },
        {
            "name": "sorted",
            "default": "",
            "type": "boolean",
            "isConstructorParam": true,
            "doc": ""
        },
        {
            "name": "editMode",
            "default": "false",
            "type": "boolean",
            "isConstructorParam": false,
            "doc": ""
        },
        {
            "name": "columns",
            "default": "",
            "type": "list",
            "isConstructorParam": false,
            "doc": ""
        },
        {
            "name": "addIcon",
            "default": "Loader.getSVG('icons', 'plus-icon', 20, 20)",
            "type": "object",
            "isConstructorParam": false,
            "doc": ""
        },
        {
            "name": "closeIcon",
            "default": "Loader.getSVG('icons', 'black-close-icon', 24, 24)",
            "type": "object",
            "isConstructorParam": false,
            "doc": ""
        }
    ],
    "methods": [
        {
            "name": "empty",
            "isPrivate": false,
            "param": [],
            "doc": ""
        },
        {
            "name": "onCloseAddForm",
            "isPrivate": true,
            "param": [
                "emitter"
            ],
            "doc": ""
        },
        {
            "name": "createColumn",
            "isPrivate": false,
            "param": [
                "label"
            ],
            "doc": ""
        },
        {
            "name": "onChange",
            "isPrivate": false,
            "param": [
                "data"
            ],
            "doc": ""
        },
        {
            "name": "onChange",
            "isPrivate": true,
            "param": [
                "data"
            ],
            "doc": ""
        },
        {
            "name": "onMouseMove",
            "isPrivate": true,
            "param": [
                "event"
            ],
            "doc": ""
        },
        {
            "name": "onMouseUp",
            "isPrivate": true,
            "param": [
                "event"
            ],
            "doc": ""
        },
        {
            "name": "onKeyUp",
            "isPrivate": false,
            "param": [
                "event"
            ],
            "doc": ""
        }
    ],
    "children": [
        {
            "type": "div",
            "attributes": [
                {
                    "name": "id",
                    "value": ""
                },
                {
                    "name": "class",
                    "value": "kanban"
                }
            ],
            "textNodeContent": "",
            "componentVariableName": "",
            "properties": [],
            "children": [
                {
                    "type": "div",
                    "attributes": [
                        {
                            "name": "id",
                            "value": "columnsList"
                        },
                        {
                            "name": "class",
                            "value": "columnsList"
                        }
                    ],
                    "textNodeContent": "",
                    "componentVariableName": "",
                    "properties": [],
                    "children": []
                },
                {
                    "type": "div",
                    "attributes": [
                        {
                            "name": "id",
                            "value": "addBlock"
                        },
                        {
                            "name": "class",
                            "value": "addBlock"
                        }
                    ],
                    "textNodeContent": "",
                    "componentVariableName": "",
                    "properties": [],
                    "children": [
                        {
                            "type": "div",
                            "attributes": [
                                {
                                    "name": "id",
                                    "value": "addButton"
                                },
                                {
                                    "name": "class",
                                    "value": "addButton"
                                }
                            ],
                            "textNodeContent": "",
                            "componentVariableName": "",
                            "properties": [],
                            "children": [
                                {
                                    "type": "span",
                                    "attributes": [
                                        {
                                            "name": "id",
                                            "value": "addIcon"
                                        },
                                        {
                                            "name": "class",
                                            "value": ""
                                        }
                                    ],
                                    "textNodeContent": "",
                                    "componentVariableName": "",
                                    "properties": [],
                                    "children": []
                                },
                                {
                                    "type": "textNode",
                                    "attributes": [
                                        {
                                            "name": "id",
                                            "value": ""
                                        },
                                        {
                                            "name": "class",
                                            "value": ""
                                        }
                                    ],
                                    "textNodeContent": "KEYWORDS.addList",
                                    "componentVariableName": "",
                                    "properties": [],
                                    "children": []
                                }
                            ]
                        },
                        {
                            "type": "div",
                            "attributes": [
                                {
                                    "name": "id",
                                    "value": "addForm"
                                },
                                {
                                    "name": "class",
                                    "value": "addForm"
                                }
                            ],
                            "textNodeContent": "",
                            "componentVariableName": "",
                            "properties": [],
                            "children": [
                                {
                                    "type": "div",
                                    "attributes": [
                                        {
                                            "name": "id",
                                            "value": ""
                                        },
                                        {
                                            "name": "class",
                                            "value": "labelRow"
                                        }
                                    ],
                                    "textNodeContent": "",
                                    "componentVariableName": "",
                                    "properties": [],
                                    "children": [
                                        {
                                            "type": "input",
                                            "attributes": [
                                                {
                                                    "name": "id",
                                                    "value": "labelField"
                                                },
                                                {
                                                    "name": "class",
                                                    "value": "labelField"
                                                },
                                                {
                                                    "name": "type",
                                                    "value": "text"
                                                },
                                                {
                                                    "name": "name",
                                                    "value": ""
                                                },
                                                {
                                                    "name": "value",
                                                    "value": ""
                                                },
                                                {
                                                    "name": "placeholder",
                                                    "value": "KEYWORDS.listTitle"
                                                }
                                            ],
                                            "textNodeContent": "",
                                            "componentVariableName": "",
                                            "properties": [],
                                            "children": []
                                        }
                                    ]
                                },
                                {
                                    "type": "div",
                                    "attributes": [
                                        {
                                            "name": "id",
                                            "value": ""
                                        },
                                        {
                                            "name": "class",
                                            "value": "buttonRow"
                                        }
                                    ],
                                    "textNodeContent": "",
                                    "componentVariableName": "",
                                    "properties": [],
                                    "children": [
                                        {
                                            "type": "input",
                                            "attributes": [
                                                {
                                                    "name": "id",
                                                    "value": "confirmAddButton"
                                                },
                                                {
                                                    "name": "class",
                                                    "value": "confirmAddButton"
                                                },
                                                {
                                                    "name": "type",
                                                    "value": "button"
                                                },
                                                {
                                                    "name": "name",
                                                    "value": ""
                                                },
                                                {
                                                    "name": "value",
                                                    "value": "KEYWORDS.addTheList"
                                                }
                                            ],
                                            "textNodeContent": "",
                                            "componentVariableName": "",
                                            "properties": [],
                                            "children": []
                                        },
                                        {
                                            "type": "span",
                                            "attributes": [
                                                {
                                                    "name": "id",
                                                    "value": "closeButton"
                                                },
                                                {
                                                    "name": "class",
                                                    "value": "closeButton"
                                                }
                                            ],
                                            "textNodeContent": "",
                                            "componentVariableName": "",
                                            "properties": [],
                                            "children": []
                                        }
                                    ]
                                }
                            ]
                        }
                    ]
                }
            ]
        }
    ],
    "doc": ""
}