{
    "type": "guiComponent",
    "name": "MenuBar",
    "attributes": [
        {
            "name": "elements",
            "default": "",
            "type": "list",
            "isConstructorParam": false,
            "doc": ""
        },
        {
            "name": "isOpen",
            "default": "false",
            "type": "boolean",
            "isConstructorParam": false,
            "doc": ""
        },
        {
            "name": "menuIcon",
            "default": "Loader.getSVG('icons', 'menu-icon', 25, 25)",
            "type": "object",
            "isConstructorParam": false,
            "doc": ""
        },
        {
            "name": "mobileItem",
            "default": "new MenuItem(\"\")",
            "type": "object",
            "isConstructorParam": false,
            "doc": ""
        },
        {
            "name": "classicWidth",
            "default": "0",
            "type": "number",
            "isConstructorParam": false,
            "doc": ""
        },
        {
            "name": "mode",
            "default": "classic",
            "type": "string",
            "isConstructorParam": false,
            "doc": ""
        }
    ],
    "methods": [
        {
            "name": "openAll",
            "isPrivate": false,
            "param": [],
            "doc": ""
        },
        {
            "name": "closeAll",
            "isPrivate": false,
            "param": [],
            "doc": ""
        },
        {
            "name": "closeParent",
            "isPrivate": false,
            "param": [],
            "doc": ""
        },
        {
            "name": "computeClassicWidth",
            "isPrivate": true,
            "param": [],
            "doc": ""
        },
        {
            "name": "toMobile",
            "isPrivate": true,
            "param": [],
            "doc": ""
        },
        {
            "name": "toClassic",
            "isPrivate": true,
            "param": [],
            "doc": ""
        },
        {
            "name": "onCancel",
            "isPrivate": false,
            "param": [],
            "doc": ""
        },
        {
            "name": "onClick",
            "isPrivate": false,
            "param": [],
            "doc": ""
        },
        {
            "name": "onContextMenu",
            "isPrivate": false,
            "param": [
                "event"
            ],
            "doc": ""
        },
        {
            "name": "onResize",
            "isPrivate": false,
            "param": [],
            "doc": ""
        },
        {
            "name": "getListNode",
            "isPrivate": false,
            "param": [],
            "doc": ""
        }
    ],
    "children": [
        {
            "type": "div",
            "attributes": [
                {
                    "name": "id",
                    "value": ""
                },
                {
                    "name": "class",
                    "value": "menuBar"
                }
            ],
            "textNodeContent": "",
            "componentVariableName": "",
            "properties": [],
            "children": [
                {
                    "type": "div",
                    "attributes": [
                        {
                            "name": "id",
                            "value": "background-screen"
                        },
                        {
                            "name": "class",
                            "value": "background-screen"
                        }
                    ],
                    "textNodeContent": "",
                    "componentVariableName": "",
                    "properties": [],
                    "children": []
                },
                {
                    "type": "ul",
                    "attributes": [
                        {
                            "name": "id",
                            "value": "children-list"
                        },
                        {
                            "name": "class",
                            "value": "root-children-list"
                        }
                    ],
                    "textNodeContent": "",
                    "componentVariableName": "",
                    "properties": [],
                    "children": []
                }
            ]
        }
    ],
    "doc": ""
}