{
    "type": "guiComponent",
    "name": "NodesGroup",
    "attributes": [
        {
            "name": "isGroup",
            "default": "true",
            "type": "boolean",
            "isConstructorParam": false,
            "doc": ""
        },
        {
            "name": "panelCode",
            "default": "",
            "type": "string",
            "isConstructorParam": false,
            "doc": ""
        },
        {
            "name": "panel",
            "default": "Component(panelCode)",
            "type": "object",
            "isConstructorParam": false,
            "doc": ""
        },
        {
            "name": "nodes",
            "default": "",
            "type": "list",
            "isConstructorParam": false,
            "doc": ""
        },
        {
            "name": "links",
            "default": "",
            "type": "list",
            "isConstructorParam": false,
            "doc": ""
        },
        {
            "name": "inputNode",
            "default": "new NodeItem(\"Inputs\", $x, $y)",
            "type": "object",
            "isConstructorParam": false,
            "doc": ""
        },
        {
            "name": "outputNode",
            "default": "new NodeItem(\"Outputs\", $x, $y)",
            "type": "object",
            "isConstructorParam": false,
            "doc": ""
        },
        {
            "name": "boundingBox",
            "default": "{ minX: 1000000000, maxX: -1000000000, minY: 1000000000, maxY: -1000000000}",
            "type": "object",
            "isConstructorParam": false,
            "doc": ""
        }
    ],
    "methods": [
        {
            "name": "init",
            "isPrivate": false,
            "param": [],
            "doc": ""
        },
        {
            "name": "ungroup",
            "isPrivate": false,
            "param": [],
            "doc": ""
        },
        {
            "name": "onUngroup",
            "isPrivate": true,
            "param": [
                "groupNode"
            ],
            "doc": ""
        },
        {
            "name": "unselectAll",
            "isPrivate": false,
            "param": [],
            "doc": ""
        },
        {
            "name": "updateLinks",
            "isPrivate": false,
            "param": [],
            "doc": ""
        },
        {
            "name": "getNodesList",
            "isPrivate": false,
            "param": [],
            "doc": ""
        },
        {
            "name": "getSelected",
            "isPrivate": false,
            "param": [],
            "doc": ""
        },
        {
            "name": "getMousePosition",
            "isPrivate": false,
            "param": [],
            "doc": ""
        }
    ],
    "children": [],
    "doc": ""
}