{
    "type": "guiComponent",
    "name": "NodeOutput",
    "attributes": [
        {
            "name": "name",
            "default": "",
            "type": "string",
            "isConstructorParam": true,
            "doc": ""
        },
        {
            "name": "label",
            "default": "",
            "type": "string",
            "isConstructorParam": true,
            "doc": ""
        },
        {
            "name": "type",
            "default": "",
            "type": "boolean",
            "isConstructorParam": true,
            "doc": ""
        },
        {
            "name": "defaultValue",
            "default": "",
            "type": "string",
            "isConstructorParam": true,
            "doc": ""
        },
        {
            "name": "value",
            "default": "defaultValue",
            "type": "string",
            "isConstructorParam": false,
            "doc": ""
        },
        {
            "name": "parent",
            "default": "",
            "type": "null",
            "isConstructorParam": false,
            "doc": ""
        },
        {
            "name": "twin",
            "default": "",
            "type": "null",
            "isConstructorParam": false,
            "doc": ""
        },
        {
            "name": "links",
            "default": "",
            "type": "list",
            "isConstructorParam": false,
            "doc": ""
        },
        {
            "name": "dragging",
            "default": "false",
            "type": "boolean",
            "isConstructorParam": false,
            "doc": ""
        },
        {
            "name": "tmpLink",
            "default": "",
            "type": "null",
            "isConstructorParam": false,
            "doc": ""
        }
    ],
    "methods": [
        {
            "name": "onReleaseOnInput",
            "isPrivate": true,
            "param": [
                "input"
            ],
            "doc": ""
        },
        {
            "name": "onReleaseOnOutput",
            "isPrivate": true,
            "param": [
                "output"
            ],
            "doc": ""
        },
        {
            "name": "updateLinks",
            "isPrivate": false,
            "param": [],
            "doc": ""
        },
        {
            "name": "onMouseMove",
            "isPrivate": true,
            "param": [
                "event"
            ],
            "doc": ""
        },
        {
            "name": "mouseMove",
            "isPrivate": false,
            "param": [],
            "doc": ""
        },
        {
            "name": "onMouseUp",
            "isPrivate": true,
            "param": [
                "event"
            ],
            "doc": ""
        },
        {
            "name": "mouseUp",
            "isPrivate": false,
            "param": [],
            "doc": ""
        },
        {
            "name": "onKeyUp",
            "isPrivate": false,
            "param": [
                "event"
            ],
            "doc": ""
        }
    ],
    "children": [
        {
            "type": "li",
            "attributes": [
                {
                    "name": "id",
                    "value": ""
                },
                {
                    "name": "class",
                    "value": "nodeOutput"
                }
            ],
            "textNodeContent": "",
            "componentVariableName": "",
            "properties": [],
            "children": [
                {
                    "type": "div",
                    "attributes": [
                        {
                            "name": "id",
                            "value": "label"
                        },
                        {
                            "name": "class",
                            "value": "nodeOutputLabel"
                        }
                    ],
                    "textNodeContent": "",
                    "componentVariableName": "",
                    "properties": [],
                    "children": [
                        {
                            "type": "textNode",
                            "attributes": [
                                {
                                    "name": "id",
                                    "value": ""
                                },
                                {
                                    "name": "class",
                                    "value": ""
                                }
                            ],
                            "textNodeContent": "label",
                            "componentVariableName": "",
                            "properties": [],
                            "children": []
                        }
                    ]
                },
                {
                    "type": "div",
                    "attributes": [
                        {
                            "name": "id",
                            "value": "connector"
                        },
                        {
                            "name": "class",
                            "value": "connector"
                        }
                    ],
                    "textNodeContent": "",
                    "componentVariableName": "",
                    "properties": [],
                    "children": []
                },
                {
                    "type": "div",
                    "attributes": [
                        {
                            "name": "id",
                            "value": ""
                        },
                        {
                            "name": "class",
                            "value": "wall"
                        }
                    ],
                    "textNodeContent": "",
                    "componentVariableName": "",
                    "properties": [],
                    "children": []
                }
            ]
        }
    ],
    "doc": ""
}