{
    "type": "guiComponent",
    "name": "NodeItem",
    "attributes": [
        {
            "name": "parent",
            "default": "",
            "type": "null",
            "isConstructorParam": false,
            "doc": ""
        },
        {
            "name": "label",
            "default": "",
            "type": "string",
            "isConstructorParam": true,
            "doc": ""
        },
        {
            "name": "x",
            "default": "",
            "type": "number",
            "isConstructorParam": true,
            "doc": ""
        },
        {
            "name": "y",
            "default": "",
            "type": "number",
            "isConstructorParam": true,
            "doc": ""
        },
        {
            "name": "htmlPanel",
            "default": "",
            "type": "string",
            "isConstructorParam": false,
            "doc": ""
        },
        {
            "name": "htmlLists",
            "default": "",
            "type": "string",
            "isConstructorParam": false,
            "doc": ""
        },
        {
            "name": "panelNode",
            "default": "new SVGhtml(200, 150, htmlPanel)",
            "type": "object",
            "isConstructorParam": false,
            "doc": ""
        },
        {
            "name": "listsNode",
            "default": "new SVGhtml(200, 150, htmlLists)",
            "type": "object",
            "isConstructorParam": false,
            "doc": ""
        },
        {
            "name": "dictInputs",
            "default": "",
            "type": "object",
            "isConstructorParam": false,
            "doc": ""
        },
        {
            "name": "dictOutputs",
            "default": "",
            "type": "object",
            "isConstructorParam": false,
            "doc": ""
        },
        {
            "name": "inputs",
            "default": "",
            "type": "list",
            "isConstructorParam": false,
            "doc": ""
        },
        {
            "name": "outputs",
            "default": "",
            "type": "list",
            "isConstructorParam": false,
            "doc": ""
        },
        {
            "name": "clicked",
            "default": "",
            "type": "boolean",
            "isConstructorParam": false,
            "doc": ""
        },
        {
            "name": "moved",
            "default": "",
            "type": "boolean",
            "isConstructorParam": false,
            "doc": ""
        },
        {
            "name": "dragging",
            "default": "false",
            "type": "boolean",
            "isConstructorParam": false,
            "doc": ""
        },
        {
            "name": "startX",
            "default": "false",
            "type": "number",
            "isConstructorParam": false,
            "doc": ""
        },
        {
            "name": "startY",
            "default": "false",
            "type": "number",
            "isConstructorParam": false,
            "doc": ""
        },
        {
            "name": "offsetX",
            "default": "false",
            "type": "number",
            "isConstructorParam": false,
            "doc": ""
        },
        {
            "name": "offsetY",
            "default": "false",
            "type": "number",
            "isConstructorParam": false,
            "doc": ""
        }
    ],
    "methods": [
        {
            "name": "select",
            "isPrivate": false,
            "param": [],
            "doc": ""
        },
        {
            "name": "unselect",
            "isPrivate": false,
            "param": [],
            "doc": ""
        },
        {
            "name": "execute",
            "isPrivate": false,
            "param": [],
            "doc": ""
        },
        {
            "name": "updatePosition",
            "isPrivate": true,
            "param": [],
            "doc": ""
        },
        {
            "name": "updateSize",
            "isPrivate": true,
            "param": [],
            "doc": ""
        },
        {
            "name": "autoResize",
            "isPrivate": false,
            "param": [],
            "doc": ""
        },
        {
            "name": "updateLinks",
            "isPrivate": false,
            "param": [],
            "doc": ""
        },
        {
            "name": "stopDragging",
            "isPrivate": true,
            "param": [],
            "doc": ""
        },
        {
            "name": "isVertexInRect",
            "isPrivate": false,
            "param": [
                "x",
                "y",
                "rect"
            ],
            "doc": ""
        },
        {
            "name": "onMouseDown",
            "isPrivate": true,
            "param": [
                "event"
            ],
            "doc": ""
        },
        {
            "name": "onMouseMove",
            "isPrivate": true,
            "param": [
                "event"
            ],
            "doc": ""
        },
        {
            "name": "mouseMove",
            "isPrivate": false,
            "param": [],
            "doc": ""
        },
        {
            "name": "onMouseUp",
            "isPrivate": true,
            "param": [
                "event"
            ],
            "doc": ""
        },
        {
            "name": "mouseUp",
            "isPrivate": false,
            "param": [],
            "doc": ""
        },
        {
            "name": "onKeyUp",
            "isPrivate": false,
            "param": [
                "event"
            ],
            "doc": ""
        },
        {
            "name": "isInSelectRect",
            "isPrivate": false,
            "param": [
                "selectRect"
            ],
            "doc": ""
        },
        {
            "name": "isSelected",
            "isPrivate": false,
            "param": [],
            "doc": ""
        }
    ],
    "children": [
        {
            "type": "g",
            "attributes": [
                {
                    "name": "id",
                    "value": ""
                },
                {
                    "name": "class",
                    "value": "nodeItem"
                }
            ],
            "textNodeContent": "",
            "componentVariableName": "",
            "properties": [],
            "children": []
        }
    ],
    "doc": ""
}