{
    "type": "guiComponent",
    "name": "SavePopup",
    "attributes": [
        {
            "name": "content",
            "default": "",
            "type": "string",
            "isConstructorParam": true,
            "doc": ""
        }
    ],
    "methods": [
        {
            "name": "onDontSave",
            "isPrivate": false,
            "param": [],
            "doc": ""
        },
        {
            "name": "onCancel",
            "isPrivate": false,
            "param": [],
            "doc": ""
        },
        {
            "name": "onSave",
            "isPrivate": false,
            "param": [],
            "doc": ""
        }
    ],
    "children": [
        {
            "type": "div",
            "attributes": [
                {
                    "name": "id",
                    "value": ""
                },
                {
                    "name": "class",
                    "value": "confirmBlock"
                }
            ],
            "textNodeContent": "",
            "componentVariableName": "",
            "properties": [],
            "children": [
                {
                    "type": "div",
                    "attributes": [
                        {
                            "name": "id",
                            "value": "confirmContent"
                        },
                        {
                            "name": "class",
                            "value": "confirmContent"
                        }
                    ],
                    "textNodeContent": "",
                    "componentVariableName": "",
                    "properties": [],
                    "children": [
                        {
                            "type": "textNode",
                            "attributes": [
                                {
                                    "name": "id",
                                    "value": ""
                                },
                                {
                                    "name": "class",
                                    "value": ""
                                }
                            ],
                            "textNodeContent": "content",
                            "componentVariableName": "",
                            "properties": [],
                            "children": []
                        }
                    ]
                },
                {
                    "type": "div",
                    "attributes": [
                        {
                            "name": "id",
                            "value": "confirmButtons"
                        },
                        {
                            "name": "class",
                            "value": "confirmButtons"
                        }
                    ],
                    "textNodeContent": "",
                    "componentVariableName": "",
                    "properties": [],
                    "children": [
                        {
                            "type": "input",
                            "attributes": [
                                {
                                    "name": "id",
                                    "value": "dontsave"
                                },
                                {
                                    "name": "class",
                                    "value": "cancel"
                                },
                                {
                                    "name": "type",
                                    "value": "button"
                                },
                                {
                                    "name": "name",
                                    "value": ""
                                },
                                {
                                    "name": "value",
                                    "value": "KEYWORDS.dontsave"
                                },
                                {
                                    "name": "placeholder",
                                    "value": ""
                                }
                            ],
                            "textNodeContent": "",
                            "componentVariableName": "",
                            "properties": [],
                            "children": []
                        },
                        {
                            "type": "input",
                            "attributes": [
                                {
                                    "name": "id",
                                    "value": "cancel"
                                },
                                {
                                    "name": "class",
                                    "value": "cancel"
                                },
                                {
                                    "name": "type",
                                    "value": "button"
                                },
                                {
                                    "name": "name",
                                    "value": ""
                                },
                                {
                                    "name": "value",
                                    "value": "KEYWORDS.cancel"
                                },
                                {
                                    "name": "placeholder",
                                    "value": ""
                                }
                            ],
                            "textNodeContent": "",
                            "componentVariableName": "",
                            "properties": [],
                            "children": []
                        },
                        {
                            "type": "input",
                            "attributes": [
                                {
                                    "name": "id",
                                    "value": "save"
                                },
                                {
                                    "name": "class",
                                    "value": "save"
                                },
                                {
                                    "name": "type",
                                    "value": "button"
                                },
                                {
                                    "name": "name",
                                    "value": ""
                                },
                                {
                                    "name": "value",
                                    "value": "KEYWORDS.save"
                                },
                                {
                                    "name": "placeholder",
                                    "value": ""
                                }
                            ],
                            "textNodeContent": "",
                            "componentVariableName": "",
                            "properties": [],
                            "children": []
                        }
                    ]
                }
            ]
        }
    ],
    "doc": ""
}