{
    "type": "guiComponent",
    "name": "ScrollPanel",
    "attributes": [
        {
            "name": "content",
            "default": "",
            "type": "string",
            "isConstructorParam": true,
            "doc": ""
        },
        {
            "name": "topUpArrow",
            "default": "Loader.getSVG('icons', 'up-arrow-icon', 12, 12)",
            "type": "object",
            "isConstructorParam": false,
            "doc": ""
        },
        {
            "name": "bottomUpArrow",
            "default": "Loader.getSVG('icons', 'up-arrow-icon', 12, 12)",
            "type": "object",
            "isConstructorParam": false,
            "doc": ""
        },
        {
            "name": "topDownArrow",
            "default": "Loader.getSVG('icons', 'down-arrow-icon', 12, 12)",
            "type": "object",
            "isConstructorParam": false,
            "doc": ""
        },
        {
            "name": "bottomDownArrow",
            "default": "Loader.getSVG('icons', 'down-arrow-icon', 12, 12)",
            "type": "object",
            "isConstructorParam": false,
            "doc": ""
        },
        {
            "name": "leftLeftArrow",
            "default": "Loader.getSVG('icons', 'left-arrow-icon', 12, 12)",
            "type": "object",
            "isConstructorParam": false,
            "doc": ""
        },
        {
            "name": "rightLeftArrow",
            "default": "Loader.getSVG('icons', 'left-arrow-icon', 12, 12)",
            "type": "object",
            "isConstructorParam": false,
            "doc": ""
        },
        {
            "name": "leftRightArrow",
            "default": "Loader.getSVG('icons', 'right-arrow-icon', 12, 12)",
            "type": "object",
            "isConstructorParam": false,
            "doc": ""
        },
        {
            "name": "rightRightArrow",
            "default": "Loader.getSVG('icons', 'right-arrow-icon', 12, 12)",
            "type": "object",
            "isConstructorParam": false,
            "doc": ""
        },
        {
            "name": "maxWidth",
            "default": "0",
            "type": "number",
            "isConstructorParam": false,
            "doc": ""
        },
        {
            "name": "maxHeight",
            "default": "0",
            "type": "number",
            "isConstructorParam": false,
            "doc": ""
        },
        {
            "name": "canScrollX",
            "default": "false",
            "type": "boolean",
            "isConstructorParam": false,
            "doc": ""
        },
        {
            "name": "canScrollY",
            "default": "false",
            "type": "boolean",
            "isConstructorParam": false,
            "doc": ""
        },
        {
            "name": "scrollX",
            "default": "0",
            "type": "number",
            "isConstructorParam": false,
            "doc": ""
        },
        {
            "name": "scrollY",
            "default": "0",
            "type": "number",
            "isConstructorParam": false,
            "doc": ""
        },
        {
            "name": "speedValue",
            "default": "7",
            "type": "number",
            "isConstructorParam": false,
            "doc": ""
        },
        {
            "name": "speedX",
            "default": "0",
            "type": "number",
            "isConstructorParam": false,
            "doc": ""
        },
        {
            "name": "speedY",
            "default": "0",
            "type": "number",
            "isConstructorParam": false,
            "doc": ""
        },
        {
            "name": "paddingX",
            "default": "0",
            "type": "number",
            "isConstructorParam": false,
            "doc": ""
        },
        {
            "name": "paddingY",
            "default": "0",
            "type": "number",
            "isConstructorParam": false,
            "doc": ""
        },
        {
            "name": "maxBarRatioX",
            "default": "1.0",
            "type": "number",
            "isConstructorParam": false,
            "doc": ""
        },
        {
            "name": "maxBarRatioY",
            "default": "1.0",
            "type": "number",
            "isConstructorParam": false,
            "doc": ""
        },
        {
            "name": "arrowDown",
            "default": "false",
            "type": "boolean",
            "isConstructorParam": false,
            "doc": ""
        },
        {
            "name": "scrolling",
            "default": "false",
            "type": "boolean",
            "isConstructorParam": false,
            "doc": ""
        },
        {
            "name": "draggindLeftRight",
            "default": "false",
            "type": "boolean",
            "isConstructorParam": false,
            "doc": ""
        },
        {
            "name": "draggindUpDown",
            "default": "false",
            "type": "boolean",
            "isConstructorParam": false,
            "doc": ""
        },
        {
            "name": "draggindContent",
            "default": "false",
            "type": "boolean",
            "isConstructorParam": false,
            "doc": ""
        },
        {
            "name": "modifier",
            "default": "false",
            "type": "boolean",
            "isConstructorParam": false,
            "doc": ""
        },
        {
            "name": "lockWheel",
            "default": "false",
            "type": "boolean",
            "isConstructorParam": false,
            "doc": ""
        },
        {
            "name": "reverse",
            "default": "true",
            "type": "boolean",
            "isConstructorParam": false,
            "doc": ""
        },
        {
            "name": "startX",
            "default": "0",
            "type": "number",
            "isConstructorParam": false,
            "doc": ""
        },
        {
            "name": "startY",
            "default": "0",
            "type": "number",
            "isConstructorParam": false,
            "doc": ""
        },
        {
            "name": "offsetX",
            "default": "0",
            "type": "number",
            "isConstructorParam": false,
            "doc": ""
        },
        {
            "name": "offsetY",
            "default": "0",
            "type": "number",
            "isConstructorParam": false,
            "doc": ""
        },
        {
            "name": "animationTimer",
            "default": "",
            "type": "null",
            "isConstructorParam": false,
            "doc": ""
        }
    ],
    "methods": [
        {
            "name": "init",
            "isPrivate": false,
            "param": [],
            "doc": ""
        },
        {
            "name": "updateScrollBars",
            "isPrivate": true,
            "param": [],
            "doc": ""
        },
        {
            "name": "positionTo",
            "isPrivate": false,
            "param": [
                "x",
                "y"
            ],
            "doc": "Pas implémenté."
        },
        {
            "name": "autoResize",
            "isPrivate": false,
            "param": [],
            "doc": ""
        },
        {
            "name": "animation",
            "isPrivate": true,
            "param": [],
            "doc": ""
        },
        {
            "name": "stopScroll",
            "isPrivate": true,
            "param": [
                "event"
            ],
            "doc": ""
        },
        {
            "name": "launchTimeout",
            "isPrivate": true,
            "param": [],
            "doc": ""
        },
        {
            "name": "moveScroll",
            "isPrivate": true,
            "param": [
                "speedX",
                "speedY"
            ],
            "doc": ""
        },
        {
            "name": "onMouseDown",
            "isPrivate": true,
            "param": [
                "event",
                "element"
            ],
            "doc": ""
        },
        {
            "name": "onMouseMove",
            "isPrivate": true,
            "param": [
                "event"
            ],
            "doc": ""
        },
        {
            "name": "onMouseUp",
            "isPrivate": true,
            "param": [
                "event"
            ],
            "doc": ""
        },
        {
            "name": "onWheel",
            "isPrivate": false,
            "param": [],
            "doc": ""
        },
        {
            "name": "onResize",
            "isPrivate": false,
            "param": [],
            "doc": ""
        },
        {
            "name": "onRemove",
            "isPrivate": false,
            "param": [],
            "doc": ""
        }
    ],
    "children": [
        {
            "type": "div",
            "attributes": [
                {
                    "name": "id",
                    "value": ""
                },
                {
                    "name": "class",
                    "value": "scrollPanel"
                }
            ],
            "textNodeContent": "",
            "componentVariableName": "",
            "properties": [],
            "children": [
                {
                    "type": "div",
                    "attributes": [
                        {
                            "name": "id",
                            "value": "canvas"
                        },
                        {
                            "name": "class",
                            "value": "canvas"
                        }
                    ],
                    "textNodeContent": "",
                    "componentVariableName": "",
                    "properties": [],
                    "children": [
                        {
                            "type": "div",
                            "attributes": [
                                {
                                    "name": "id",
                                    "value": "content"
                                },
                                {
                                    "name": "class",
                                    "value": "content"
                                }
                            ],
                            "textNodeContent": "",
                            "componentVariableName": "",
                            "properties": [],
                            "children": [
                                {
                                    "type": "textNode",
                                    "attributes": [
                                        {
                                            "name": "id",
                                            "value": ""
                                        },
                                        {
                                            "name": "class",
                                            "value": ""
                                        }
                                    ],
                                    "textNodeContent": "content",
                                    "componentVariableName": "",
                                    "properties": [],
                                    "children": []
                                }
                            ]
                        }
                    ]
                },
                {
                    "type": "div",
                    "attributes": [
                        {
                            "name": "id",
                            "value": ""
                        },
                        {
                            "name": "class",
                            "value": "corner"
                        }
                    ],
                    "textNodeContent": "",
                    "componentVariableName": "",
                    "properties": [],
                    "children": []
                },
                {
                    "type": "div",
                    "attributes": [
                        {
                            "name": "id",
                            "value": "up-down-scrollBar"
                        },
                        {
                            "name": "class",
                            "value": "up-down-scrollBar"
                        }
                    ],
                    "textNodeContent": "",
                    "componentVariableName": "",
                    "properties": [],
                    "children": [
                        {
                            "type": "div",
                            "attributes": [
                                {
                                    "name": "id",
                                    "value": "topArrows"
                                },
                                {
                                    "name": "class",
                                    "value": "topArrows"
                                }
                            ],
                            "textNodeContent": "",
                            "componentVariableName": "",
                            "properties": [],
                            "children": [
                                {
                                    "type": "div",
                                    "attributes": [
                                        {
                                            "name": "id",
                                            "value": "topUpArrow"
                                        },
                                        {
                                            "name": "class",
                                            "value": "arrow"
                                        }
                                    ],
                                    "textNodeContent": "",
                                    "componentVariableName": "",
                                    "properties": [],
                                    "children": []
                                },
                                {
                                    "type": "div",
                                    "attributes": [
                                        {
                                            "name": "id",
                                            "value": "topDownArrow"
                                        },
                                        {
                                            "name": "class",
                                            "value": "arrow"
                                        }
                                    ],
                                    "textNodeContent": "",
                                    "componentVariableName": "",
                                    "properties": [],
                                    "children": []
                                }
                            ]
                        },
                        {
                            "type": "div",
                            "attributes": [
                                {
                                    "name": "id",
                                    "value": "up-down-container"
                                },
                                {
                                    "name": "class",
                                    "value": "up-down-container"
                                }
                            ],
                            "textNodeContent": "",
                            "componentVariableName": "",
                            "properties": [],
                            "children": [
                                {
                                    "type": "div",
                                    "attributes": [
                                        {
                                            "name": "id",
                                            "value": "up-down-bar"
                                        },
                                        {
                                            "name": "class",
                                            "value": "up-down-bar"
                                        }
                                    ],
                                    "textNodeContent": "",
                                    "componentVariableName": "",
                                    "properties": [],
                                    "children": []
                                }
                            ]
                        },
                        {
                            "type": "div",
                            "attributes": [
                                {
                                    "name": "id",
                                    "value": "bottomArrows"
                                },
                                {
                                    "name": "class",
                                    "value": "bottomArrows"
                                }
                            ],
                            "textNodeContent": "",
                            "componentVariableName": "",
                            "properties": [],
                            "children": [
                                {
                                    "type": "div",
                                    "attributes": [
                                        {
                                            "name": "id",
                                            "value": "bottomUpArrow"
                                        },
                                        {
                                            "name": "class",
                                            "value": "arrow"
                                        }
                                    ],
                                    "textNodeContent": "",
                                    "componentVariableName": "",
                                    "properties": [],
                                    "children": []
                                },
                                {
                                    "type": "div",
                                    "attributes": [
                                        {
                                            "name": "id",
                                            "value": "bottomDownArrow"
                                        },
                                        {
                                            "name": "class",
                                            "value": "arrow"
                                        }
                                    ],
                                    "textNodeContent": "",
                                    "componentVariableName": "",
                                    "properties": [],
                                    "children": []
                                }
                            ]
                        }
                    ]
                },
                {
                    "type": "div",
                    "attributes": [
                        {
                            "name": "id",
                            "value": "left-right-scrollBar"
                        },
                        {
                            "name": "class",
                            "value": "left-right-scrollBar"
                        }
                    ],
                    "textNodeContent": "",
                    "componentVariableName": "",
                    "properties": [],
                    "children": [
                        {
                            "type": "div",
                            "attributes": [
                                {
                                    "name": "id",
                                    "value": "leftArrows"
                                },
                                {
                                    "name": "class",
                                    "value": "leftArrows"
                                }
                            ],
                            "textNodeContent": "",
                            "componentVariableName": "",
                            "properties": [],
                            "children": [
                                {
                                    "type": "div",
                                    "attributes": [
                                        {
                                            "name": "id",
                                            "value": "leftLeftArrow"
                                        },
                                        {
                                            "name": "class",
                                            "value": "arrow"
                                        }
                                    ],
                                    "textNodeContent": "",
                                    "componentVariableName": "",
                                    "properties": [],
                                    "children": []
                                },
                                {
                                    "type": "div",
                                    "attributes": [
                                        {
                                            "name": "id",
                                            "value": "leftRightArrow"
                                        },
                                        {
                                            "name": "class",
                                            "value": "arrow"
                                        }
                                    ],
                                    "textNodeContent": "",
                                    "componentVariableName": "",
                                    "properties": [],
                                    "children": []
                                }
                            ]
                        },
                        {
                            "type": "div",
                            "attributes": [
                                {
                                    "name": "id",
                                    "value": "left-right-container"
                                },
                                {
                                    "name": "class",
                                    "value": "left-right-container"
                                }
                            ],
                            "textNodeContent": "",
                            "componentVariableName": "",
                            "properties": [],
                            "children": [
                                {
                                    "type": "div",
                                    "attributes": [
                                        {
                                            "name": "id",
                                            "value": "left-right-bar"
                                        },
                                        {
                                            "name": "class",
                                            "value": "left-right-bar"
                                        }
                                    ],
                                    "textNodeContent": "",
                                    "componentVariableName": "",
                                    "properties": [],
                                    "children": []
                                }
                            ]
                        },
                        {
                            "type": "div",
                            "attributes": [
                                {
                                    "name": "id",
                                    "value": "rightArrows"
                                },
                                {
                                    "name": "class",
                                    "value": "rightArrows"
                                }
                            ],
                            "textNodeContent": "",
                            "componentVariableName": "",
                            "properties": [],
                            "children": [
                                {
                                    "type": "div",
                                    "attributes": [
                                        {
                                            "name": "id",
                                            "value": "rightLeftArrow"
                                        },
                                        {
                                            "name": "class",
                                            "value": "arrow"
                                        }
                                    ],
                                    "textNodeContent": "",
                                    "componentVariableName": "",
                                    "properties": [],
                                    "children": []
                                },
                                {
                                    "type": "div",
                                    "attributes": [
                                        {
                                            "name": "id",
                                            "value": "rightRightArrow"
                                        },
                                        {
                                            "name": "class",
                                            "value": "arrow"
                                        }
                                    ],
                                    "textNodeContent": "",
                                    "componentVariableName": "",
                                    "properties": [],
                                    "children": []
                                }
                            ]
                        }
                    ]
                }
            ]
        }
    ],
    "doc": ""
}