{
    "type": "guiComponent",
    "name": "SelectColorPopup",
    "attributes": [
        {
            "name": "color",
            "default": "",
            "type": "object",
            "isConstructorParam": true,
            "doc": ""
        },
        {
            "name": "colorPicker",
            "default": "new ColorPicker()",
            "type": "object",
            "isConstructorParam": false,
            "doc": ""
        },
        {
            "name": "colorList",
            "default": "[{ name: KEYWORDS.noNameColor, value: \"no-name\", color: \"#FFFFFF\"}]",
            "type": "array",
            "isConstructorParam": false,
            "doc": ""
        },
        {
            "name": "colorSelector",
            "default": "new ComboBox(\"named-color\", colorList, 'red')",
            "type": "object",
            "isConstructorParam": false,
            "doc": ""
        },
        {
            "name": "dateHSVkeyUp",
            "default": "",
            "type": "date",
            "isConstructorParam": false,
            "doc": ""
        },
        {
            "name": "changeHSVtimer",
            "default": "",
            "type": "null",
            "isConstructorParam": false,
            "doc": ""
        }
    ],
    "methods": [
        {
            "name": "updatePreview",
            "isPrivate": false,
            "param": [],
            "doc": ""
        },
        {
            "name": "updateRGBinputs",
            "isPrivate": false,
            "param": [],
            "doc": ""
        },
        {
            "name": "updateHSVinputs",
            "isPrivate": false,
            "param": [],
            "doc": ""
        },
        {
            "name": "updateCMYKinputs",
            "isPrivate": false,
            "param": [],
            "doc": ""
        },
        {
            "name": "updateHexInputs",
            "isPrivate": false,
            "param": [],
            "doc": ""
        },
        {
            "name": "updateColorSelector",
            "isPrivate": false,
            "param": [],
            "doc": ""
        },
        {
            "name": "updateInputs",
            "isPrivate": false,
            "param": [],
            "doc": ""
        },
        {
            "name": "filterKey",
            "isPrivate": true,
            "param": [
                "element",
                "event"
            ],
            "doc": ""
        },
        {
            "name": "onRGBchange",
            "isPrivate": true,
            "param": [],
            "doc": ""
        },
        {
            "name": "onHSVchange",
            "isPrivate": true,
            "param": [],
            "doc": ""
        },
        {
            "name": "onHEXchange",
            "isPrivate": true,
            "param": [],
            "doc": ""
        },
        {
            "name": "getRGB",
            "isPrivate": false,
            "param": [],
            "doc": ""
        },
        {
            "name": "getHSV",
            "isPrivate": false,
            "param": [],
            "doc": ""
        },
        {
            "name": "getHex",
            "isPrivate": false,
            "param": [],
            "doc": ""
        }
    ],
    "children": [
        {
            "type": "h2",
            "attributes": [
                {
                    "name": "id",
                    "value": ""
                },
                {
                    "name": "class",
                    "value": ""
                }
            ],
            "textNodeContent": "",
            "componentVariableName": "",
            "properties": [],
            "children": [
                {
                    "type": "textNode",
                    "attributes": [
                        {
                            "name": "id",
                            "value": ""
                        },
                        {
                            "name": "class",
                            "value": ""
                        }
                    ],
                    "textNodeContent": "KEYWORDS.selectColor",
                    "componentVariableName": "",
                    "properties": [],
                    "children": []
                }
            ]
        },
        {
            "type": "table",
            "attributes": [
                {
                    "name": "id",
                    "value": ""
                },
                {
                    "name": "class",
                    "value": ""
                }
            ],
            "textNodeContent": "",
            "componentVariableName": "",
            "properties": [],
            "children": [
                {
                    "type": "tr",
                    "attributes": [
                        {
                            "name": "id",
                            "value": ""
                        },
                        {
                            "name": "class",
                            "value": ""
                        }
                    ],
                    "textNodeContent": "",
                    "componentVariableName": "",
                    "properties": [],
                    "children": [
                        {
                            "type": "td",
                            "attributes": [
                                {
                                    "name": "id",
                                    "value": "color-picker"
                                },
                                {
                                    "name": "class",
                                    "value": ""
                                }
                            ],
                            "textNodeContent": "",
                            "componentVariableName": "",
                            "properties": [],
                            "children": []
                        },
                        {
                            "type": "td",
                            "attributes": [
                                {
                                    "name": "id",
                                    "value": ""
                                },
                                {
                                    "name": "class",
                                    "value": "inputs-block"
                                }
                            ],
                            "textNodeContent": "",
                            "componentVariableName": "",
                            "properties": [],
                            "children": [
                                {
                                    "type": "table",
                                    "attributes": [
                                        {
                                            "name": "id",
                                            "value": ""
                                        },
                                        {
                                            "name": "class",
                                            "value": ""
                                        }
                                    ],
                                    "textNodeContent": "",
                                    "componentVariableName": "",
                                    "properties": [],
                                    "children": [
                                        {
                                            "type": "tr",
                                            "attributes": [
                                                {
                                                    "name": "id",
                                                    "value": ""
                                                },
                                                {
                                                    "name": "class",
                                                    "value": ""
                                                }
                                            ],
                                            "textNodeContent": "",
                                            "componentVariableName": "",
                                            "properties": [],
                                            "children": [
                                                {
                                                    "type": "td",
                                                    "attributes": [
                                                        {
                                                            "name": "id",
                                                            "value": ""
                                                        },
                                                        {
                                                            "name": "class",
                                                            "value": "color-preview-cell"
                                                        },
                                                        {
                                                            "name": "colspan",
                                                            "value": "2"
                                                        }
                                                    ],
                                                    "textNodeContent": "",
                                                    "componentVariableName": "",
                                                    "properties": [],
                                                    "children": [
                                                        {
                                                            "type": "div",
                                                            "attributes": [
                                                                {
                                                                    "name": "id",
                                                                    "value": "color-preview"
                                                                },
                                                                {
                                                                    "name": "class",
                                                                    "value": "color-preview"
                                                                }
                                                            ],
                                                            "textNodeContent": "",
                                                            "componentVariableName": "",
                                                            "properties": [],
                                                            "children": []
                                                        }
                                                    ]
                                                }
                                            ]
                                        },
                                        {
                                            "type": "tr",
                                            "attributes": [
                                                {
                                                    "name": "id",
                                                    "value": ""
                                                },
                                                {
                                                    "name": "class",
                                                    "value": ""
                                                }
                                            ],
                                            "textNodeContent": "",
                                            "componentVariableName": "",
                                            "properties": [],
                                            "children": [
                                                {
                                                    "type": "td",
                                                    "attributes": [
                                                        {
                                                            "name": "id",
                                                            "value": ""
                                                        },
                                                        {
                                                            "name": "class",
                                                            "value": "rgb-cell"
                                                        }
                                                    ],
                                                    "textNodeContent": "",
                                                    "componentVariableName": "",
                                                    "properties": [],
                                                    "children": [
                                                        {
                                                            "type": "label",
                                                            "attributes": [
                                                                {
                                                                    "name": "id",
                                                                    "value": ""
                                                                },
                                                                {
                                                                    "name": "class",
                                                                    "value": ""
                                                                },
                                                                {
                                                                    "name": "for",
                                                                    "value": "input-red"
                                                                }
                                                            ],
                                                            "textNodeContent": "",
                                                            "componentVariableName": "",
                                                            "properties": [],
                                                            "children": [
                                                                {
                                                                    "type": "textNode",
                                                                    "attributes": [
                                                                        {
                                                                            "name": "id",
                                                                            "value": ""
                                                                        },
                                                                        {
                                                                            "name": "class",
                                                                            "value": ""
                                                                        }
                                                                    ],
                                                                    "textNodeContent": "KEYWORDS.rgbR",
                                                                    "componentVariableName": "",
                                                                    "properties": [],
                                                                    "children": []
                                                                }
                                                            ]
                                                        },
                                                        {
                                                            "type": "input",
                                                            "attributes": [
                                                                {
                                                                    "name": "id",
                                                                    "value": "input-red"
                                                                },
                                                                {
                                                                    "name": "class",
                                                                    "value": ""
                                                                },
                                                                {
                                                                    "name": "type",
                                                                    "value": "text"
                                                                },
                                                                {
                                                                    "name": "name",
                                                                    "value": ""
                                                                },
                                                                {
                                                                    "name": "value",
                                                                    "value": ""
                                                                },
                                                                {
                                                                    "name": "placeholder",
                                                                    "value": ""
                                                                }
                                                            ],
                                                            "textNodeContent": "",
                                                            "componentVariableName": "",
                                                            "properties": [],
                                                            "children": []
                                                        }
                                                    ]
                                                },
                                                {
                                                    "type": "td",
                                                    "attributes": [
                                                        {
                                                            "name": "id",
                                                            "value": ""
                                                        },
                                                        {
                                                            "name": "class",
                                                            "value": ""
                                                        }
                                                    ],
                                                    "textNodeContent": "",
                                                    "componentVariableName": "",
                                                    "properties": [],
                                                    "children": [
                                                        {
                                                            "type": "label",
                                                            "attributes": [
                                                                {
                                                                    "name": "id",
                                                                    "value": ""
                                                                },
                                                                {
                                                                    "name": "class",
                                                                    "value": ""
                                                                },
                                                                {
                                                                    "name": "for",
                                                                    "value": "input-hue"
                                                                }
                                                            ],
                                                            "textNodeContent": "",
                                                            "componentVariableName": "",
                                                            "properties": [],
                                                            "children": [
                                                                {
                                                                    "type": "textNode",
                                                                    "attributes": [
                                                                        {
                                                                            "name": "id",
                                                                            "value": ""
                                                                        },
                                                                        {
                                                                            "name": "class",
                                                                            "value": ""
                                                                        }
                                                                    ],
                                                                    "textNodeContent": "KEYWORDS.hsvH",
                                                                    "componentVariableName": "",
                                                                    "properties": [],
                                                                    "children": []
                                                                }
                                                            ]
                                                        },
                                                        {
                                                            "type": "input",
                                                            "attributes": [
                                                                {
                                                                    "name": "id",
                                                                    "value": "input-hue"
                                                                },
                                                                {
                                                                    "name": "class",
                                                                    "value": ""
                                                                },
                                                                {
                                                                    "name": "type",
                                                                    "value": "text"
                                                                },
                                                                {
                                                                    "name": "name",
                                                                    "value": ""
                                                                },
                                                                {
                                                                    "name": "value",
                                                                    "value": ""
                                                                },
                                                                {
                                                                    "name": "placeholder",
                                                                    "value": ""
                                                                }
                                                            ],
                                                            "textNodeContent": "",
                                                            "componentVariableName": "",
                                                            "properties": [],
                                                            "children": []
                                                        }
                                                    ]
                                                }
                                            ]
                                        },
                                        {
                                            "type": "tr",
                                            "attributes": [
                                                {
                                                    "name": "id",
                                                    "value": ""
                                                },
                                                {
                                                    "name": "class",
                                                    "value": ""
                                                }
                                            ],
                                            "textNodeContent": "",
                                            "componentVariableName": "",
                                            "properties": [],
                                            "children": [
                                                {
                                                    "type": "td",
                                                    "attributes": [
                                                        {
                                                            "name": "id",
                                                            "value": ""
                                                        },
                                                        {
                                                            "name": "class",
                                                            "value": "rgb-cell"
                                                        }
                                                    ],
                                                    "textNodeContent": "",
                                                    "componentVariableName": "",
                                                    "properties": [],
                                                    "children": [
                                                        {
                                                            "type": "label",
                                                            "attributes": [
                                                                {
                                                                    "name": "id",
                                                                    "value": ""
                                                                },
                                                                {
                                                                    "name": "class",
                                                                    "value": ""
                                                                },
                                                                {
                                                                    "name": "for",
                                                                    "value": "input-green"
                                                                }
                                                            ],
                                                            "textNodeContent": "",
                                                            "componentVariableName": "",
                                                            "properties": [],
                                                            "children": [
                                                                {
                                                                    "type": "textNode",
                                                                    "attributes": [
                                                                        {
                                                                            "name": "id",
                                                                            "value": ""
                                                                        },
                                                                        {
                                                                            "name": "class",
                                                                            "value": ""
                                                                        }
                                                                    ],
                                                                    "textNodeContent": "KEYWORDS.rgbG",
                                                                    "componentVariableName": "",
                                                                    "properties": [],
                                                                    "children": []
                                                                }
                                                            ]
                                                        },
                                                        {
                                                            "type": "input",
                                                            "attributes": [
                                                                {
                                                                    "name": "id",
                                                                    "value": "input-green"
                                                                },
                                                                {
                                                                    "name": "class",
                                                                    "value": ""
                                                                },
                                                                {
                                                                    "name": "type",
                                                                    "value": "text"
                                                                },
                                                                {
                                                                    "name": "name",
                                                                    "value": ""
                                                                },
                                                                {
                                                                    "name": "value",
                                                                    "value": ""
                                                                },
                                                                {
                                                                    "name": "placeholder",
                                                                    "value": ""
                                                                }
                                                            ],
                                                            "textNodeContent": "",
                                                            "componentVariableName": "",
                                                            "properties": [],
                                                            "children": []
                                                        }
                                                    ]
                                                },
                                                {
                                                    "type": "td",
                                                    "attributes": [
                                                        {
                                                            "name": "id",
                                                            "value": ""
                                                        },
                                                        {
                                                            "name": "class",
                                                            "value": ""
                                                        }
                                                    ],
                                                    "textNodeContent": "",
                                                    "componentVariableName": "",
                                                    "properties": [],
                                                    "children": [
                                                        {
                                                            "type": "label",
                                                            "attributes": [
                                                                {
                                                                    "name": "id",
                                                                    "value": ""
                                                                },
                                                                {
                                                                    "name": "class",
                                                                    "value": ""
                                                                },
                                                                {
                                                                    "name": "for",
                                                                    "value": "input-saturation"
                                                                }
                                                            ],
                                                            "textNodeContent": "",
                                                            "componentVariableName": "",
                                                            "properties": [],
                                                            "children": [
                                                                {
                                                                    "type": "textNode",
                                                                    "attributes": [
                                                                        {
                                                                            "name": "id",
                                                                            "value": ""
                                                                        },
                                                                        {
                                                                            "name": "class",
                                                                            "value": ""
                                                                        }
                                                                    ],
                                                                    "textNodeContent": "KEYWORDS.hsvS",
                                                                    "componentVariableName": "",
                                                                    "properties": [],
                                                                    "children": []
                                                                }
                                                            ]
                                                        },
                                                        {
                                                            "type": "input",
                                                            "attributes": [
                                                                {
                                                                    "name": "id",
                                                                    "value": "input-saturation"
                                                                },
                                                                {
                                                                    "name": "class",
                                                                    "value": ""
                                                                },
                                                                {
                                                                    "name": "type",
                                                                    "value": "text"
                                                                },
                                                                {
                                                                    "name": "name",
                                                                    "value": ""
                                                                },
                                                                {
                                                                    "name": "value",
                                                                    "value": ""
                                                                },
                                                                {
                                                                    "name": "placeholder",
                                                                    "value": ""
                                                                }
                                                            ],
                                                            "textNodeContent": "",
                                                            "componentVariableName": "",
                                                            "properties": [],
                                                            "children": []
                                                        }
                                                    ]
                                                }
                                            ]
                                        },
                                        {
                                            "type": "tr",
                                            "attributes": [
                                                {
                                                    "name": "id",
                                                    "value": ""
                                                },
                                                {
                                                    "name": "class",
                                                    "value": ""
                                                }
                                            ],
                                            "textNodeContent": "",
                                            "componentVariableName": "",
                                            "properties": [],
                                            "children": [
                                                {
                                                    "type": "td",
                                                    "attributes": [
                                                        {
                                                            "name": "id",
                                                            "value": ""
                                                        },
                                                        {
                                                            "name": "class",
                                                            "value": "rgb-cell"
                                                        }
                                                    ],
                                                    "textNodeContent": "",
                                                    "componentVariableName": "",
                                                    "properties": [],
                                                    "children": [
                                                        {
                                                            "type": "label",
                                                            "attributes": [
                                                                {
                                                                    "name": "id",
                                                                    "value": ""
                                                                },
                                                                {
                                                                    "name": "class",
                                                                    "value": ""
                                                                },
                                                                {
                                                                    "name": "for",
                                                                    "value": "input-blue"
                                                                }
                                                            ],
                                                            "textNodeContent": "",
                                                            "componentVariableName": "",
                                                            "properties": [],
                                                            "children": [
                                                                {
                                                                    "type": "textNode",
                                                                    "attributes": [
                                                                        {
                                                                            "name": "id",
                                                                            "value": ""
                                                                        },
                                                                        {
                                                                            "name": "class",
                                                                            "value": ""
                                                                        }
                                                                    ],
                                                                    "textNodeContent": "KEYWORDS.rgbB",
                                                                    "componentVariableName": "",
                                                                    "properties": [],
                                                                    "children": []
                                                                }
                                                            ]
                                                        },
                                                        {
                                                            "type": "input",
                                                            "attributes": [
                                                                {
                                                                    "name": "id",
                                                                    "value": "input-blue"
                                                                },
                                                                {
                                                                    "name": "class",
                                                                    "value": ""
                                                                },
                                                                {
                                                                    "name": "type",
                                                                    "value": "text"
                                                                },
                                                                {
                                                                    "name": "name",
                                                                    "value": ""
                                                                },
                                                                {
                                                                    "name": "value",
                                                                    "value": ""
                                                                },
                                                                {
                                                                    "name": "placeholder",
                                                                    "value": ""
                                                                }
                                                            ],
                                                            "textNodeContent": "",
                                                            "componentVariableName": "",
                                                            "properties": [],
                                                            "children": []
                                                        }
                                                    ]
                                                },
                                                {
                                                    "type": "td",
                                                    "attributes": [
                                                        {
                                                            "name": "id",
                                                            "value": ""
                                                        },
                                                        {
                                                            "name": "class",
                                                            "value": ""
                                                        }
                                                    ],
                                                    "textNodeContent": "",
                                                    "componentVariableName": "",
                                                    "properties": [],
                                                    "children": [
                                                        {
                                                            "type": "label",
                                                            "attributes": [
                                                                {
                                                                    "name": "id",
                                                                    "value": ""
                                                                },
                                                                {
                                                                    "name": "class",
                                                                    "value": ""
                                                                },
                                                                {
                                                                    "name": "for",
                                                                    "value": "input-value"
                                                                }
                                                            ],
                                                            "textNodeContent": "",
                                                            "componentVariableName": "",
                                                            "properties": [],
                                                            "children": [
                                                                {
                                                                    "type": "textNode",
                                                                    "attributes": [
                                                                        {
                                                                            "name": "id",
                                                                            "value": ""
                                                                        },
                                                                        {
                                                                            "name": "class",
                                                                            "value": ""
                                                                        }
                                                                    ],
                                                                    "textNodeContent": "KEYWORDS.hsvV",
                                                                    "componentVariableName": "",
                                                                    "properties": [],
                                                                    "children": []
                                                                }
                                                            ]
                                                        },
                                                        {
                                                            "type": "input",
                                                            "attributes": [
                                                                {
                                                                    "name": "id",
                                                                    "value": "input-value"
                                                                },
                                                                {
                                                                    "name": "class",
                                                                    "value": ""
                                                                },
                                                                {
                                                                    "name": "type",
                                                                    "value": "text"
                                                                },
                                                                {
                                                                    "name": "name",
                                                                    "value": ""
                                                                },
                                                                {
                                                                    "name": "value",
                                                                    "value": ""
                                                                },
                                                                {
                                                                    "name": "placeholder",
                                                                    "value": ""
                                                                }
                                                            ],
                                                            "textNodeContent": "",
                                                            "componentVariableName": "",
                                                            "properties": [],
                                                            "children": []
                                                        }
                                                    ]
                                                }
                                            ]
                                        },
                                        {
                                            "type": "tr",
                                            "attributes": [
                                                {
                                                    "name": "id",
                                                    "value": ""
                                                },
                                                {
                                                    "name": "class",
                                                    "value": ""
                                                }
                                            ],
                                            "textNodeContent": "",
                                            "componentVariableName": "",
                                            "properties": [],
                                            "children": [
                                                {
                                                    "type": "td",
                                                    "attributes": [
                                                        {
                                                            "name": "id",
                                                            "value": ""
                                                        },
                                                        {
                                                            "name": "class",
                                                            "value": "rgb-cell hex-cell"
                                                        },
                                                        {
                                                            "name": "colspan",
                                                            "value": "2"
                                                        }
                                                    ],
                                                    "textNodeContent": "",
                                                    "componentVariableName": "",
                                                    "properties": [],
                                                    "children": [
                                                        {
                                                            "type": "label",
                                                            "attributes": [
                                                                {
                                                                    "name": "id",
                                                                    "value": ""
                                                                },
                                                                {
                                                                    "name": "class",
                                                                    "value": ""
                                                                },
                                                                {
                                                                    "name": "for",
                                                                    "value": "input-hex"
                                                                }
                                                            ],
                                                            "textNodeContent": "",
                                                            "componentVariableName": "",
                                                            "properties": [],
                                                            "children": [
                                                                {
                                                                    "type": "textNode",
                                                                    "attributes": [
                                                                        {
                                                                            "name": "id",
                                                                            "value": ""
                                                                        },
                                                                        {
                                                                            "name": "class",
                                                                            "value": ""
                                                                        }
                                                                    ],
                                                                    "textNodeContent": "#",
                                                                    "componentVariableName": "",
                                                                    "properties": [],
                                                                    "children": []
                                                                }
                                                            ]
                                                        },
                                                        {
                                                            "type": "input",
                                                            "attributes": [
                                                                {
                                                                    "name": "id",
                                                                    "value": "input-hex"
                                                                },
                                                                {
                                                                    "name": "class",
                                                                    "value": "input-hex"
                                                                },
                                                                {
                                                                    "name": "type",
                                                                    "value": "text"
                                                                },
                                                                {
                                                                    "name": "name",
                                                                    "value": ""
                                                                },
                                                                {
                                                                    "name": "value",
                                                                    "value": ""
                                                                },
                                                                {
                                                                    "name": "placeholder",
                                                                    "value": ""
                                                                }
                                                            ],
                                                            "textNodeContent": "",
                                                            "componentVariableName": "",
                                                            "properties": [],
                                                            "children": []
                                                        }
                                                    ]
                                                }
                                            ]
                                        },
                                        {
                                            "type": "tr",
                                            "attributes": [
                                                {
                                                    "name": "id",
                                                    "value": ""
                                                },
                                                {
                                                    "name": "class",
                                                    "value": ""
                                                }
                                            ],
                                            "textNodeContent": "",
                                            "componentVariableName": "",
                                            "properties": [],
                                            "children": [
                                                {
                                                    "type": "td",
                                                    "attributes": [
                                                        {
                                                            "name": "id",
                                                            "value": "selector-block"
                                                        },
                                                        {
                                                            "name": "class",
                                                            "value": "rgb-cell selector-block"
                                                        },
                                                        {
                                                            "name": "colspan",
                                                            "value": "2"
                                                        }
                                                    ],
                                                    "textNodeContent": "",
                                                    "componentVariableName": "",
                                                    "properties": [],
                                                    "children": []
                                                }
                                            ]
                                        }
                                    ]
                                }
                            ]
                        }
                    ]
                }
            ]
        }
    ],
    "doc": ""
}