{
    "type": "guiComponent",
    "name": "Select",
    "attributes": [
        {
            "name": "name",
            "default": "",
            "type": "string",
            "isConstructorParam": true,
            "doc": ""
        },
        {
            "name": "options",
            "default": "",
            "type": "array",
            "isConstructorParam": true,
            "doc": ""
        },
        {
            "name": "currentValue",
            "default": "",
            "type": "number",
            "isConstructorParam": true,
            "doc": ""
        },
        {
            "name": "currentName",
            "default": "",
            "type": "string",
            "isConstructorParam": false,
            "doc": ""
        },
        {
            "name": "enable",
            "default": "true",
            "type": "boolean",
            "isConstructorParam": false,
            "doc": ""
        }
    ],
    "methods": [
        {
            "name": "loadOptions",
            "isPrivate": false,
            "param": [],
            "doc": ""
        },
        {
            "name": "onChange",
            "isPrivate": false,
            "param": [
                "value"
            ],
            "doc": ""
        }
    ],
    "children": [
        {
            "type": "select",
            "attributes": [
                {
                    "name": "id",
                    "value": "name"
                },
                {
                    "name": "class",
                    "value": ""
                },
                {
                    "name": "name",
                    "value": "name"
                }
            ],
            "textNodeContent": "",
            "componentVariableName": "",
            "properties": [],
            "children": []
        }
    ],
    "doc": ""
}