{
    "type": "guiComponent",
    "name": "Table",
    "attributes": [
        {
            "name": "nbColumns",
            "default": "",
            "type": "number",
            "isConstructorParam": true,
            "doc": ""
        },
        {
            "name": "nbRows",
            "default": "",
            "type": "number",
            "isConstructorParam": true,
            "doc": ""
        },
        {
            "name": "content",
            "default": "",
            "type": "string",
            "isConstructorParam": false,
            "doc": ""
        }
    ],
    "methods": [
        {
            "name": "getCellValue",
            "isPrivate": false,
            "param": [
                "col",
                "row"
            ],
            "doc": ""
        },
        {
            "name": "setCellValue",
            "isPrivate": false,
            "param": [
                "col",
                "row",
                "value"
            ],
            "doc": ""
        }
    ],
    "children": [
        {
            "type": "table",
            "attributes": [
                {
                    "name": "id",
                    "value": ""
                },
                {
                    "name": "class",
                    "value": "table"
                }
            ],
            "textNodeContent": "",
            "componentVariableName": "",
            "properties": [],
            "children": []
        }
    ],
    "doc": ""
}