{
    "type": "guiComponent",
    "name": "ToolTip",
    "attributes": [
        {
            "name": "callElement",
            "default": "",
            "type": "object",
            "isConstructorParam": true,
            "doc": ""
        },
        {
            "name": "label",
            "default": "",
            "type": "string",
            "isConstructorParam": true,
            "doc": ""
        },
        {
            "name": "opacity",
            "default": "1.0",
            "type": "number",
            "isConstructorParam": false,
            "doc": ""
        },
        {
            "name": "stepOpacity",
            "default": "0.0",
            "type": "number",
            "isConstructorParam": false,
            "doc": ""
        },
        {
            "name": "fadeOutAnimation",
            "default": "",
            "type": "null",
            "isConstructorParam": false,
            "doc": ""
        }
    ],
    "methods": [
        {
            "name": "update",
            "isPrivate": false,
            "param": [
                "mouseX",
                "mouseY"
            ],
            "doc": ""
        },
        {
            "name": "close",
            "isPrivate": false,
            "param": [],
            "doc": ""
        },
        {
            "name": "fadeOut",
            "isPrivate": true,
            "param": [],
            "doc": ""
        },
        {
            "name": "startFadeOut",
            "isPrivate": false,
            "param": [],
            "doc": ""
        },
        {
            "name": "endFadeOut",
            "isPrivate": false,
            "param": [],
            "doc": ""
        }
    ],
    "children": [
        {
            "type": "div",
            "attributes": [
                {
                    "name": "id",
                    "value": ""
                },
                {
                    "name": "class",
                    "value": "toolTip"
                }
            ],
            "textNodeContent": "",
            "componentVariableName": "",
            "properties": [],
            "children": [
                {
                    "type": "textNode",
                    "attributes": [
                        {
                            "name": "id",
                            "value": ""
                        },
                        {
                            "name": "class",
                            "value": ""
                        }
                    ],
                    "textNodeContent": "label",
                    "componentVariableName": "",
                    "properties": [],
                    "children": []
                }
            ]
        }
    ],
    "doc": ""
}